time,elbow_moment_Nm,act_TRIlong,act_TRIlat,act_TRImed,act_BIClong,act_BICshort,act_BRA,act_BRD_hand,act_elbow_assist,frc_TRIlong,frc_TRIlat,frc_TRImed,frc_BIClong,frc_BICshort,frc_BRA,frc_BRD_hand,rep_index,fatigue_level
0.00000,4.92053,0.01001,0.01003,0.01003,0.16979,0.07975,0.19033,0.07226,0.01349,7.42439,4.82070,4.50977,96.82409,34.21408,189.52790,16.67048,1,0.00000
0.01000,4.95323,0.01001,0.01003,0.01003,0.17084,0.08018,0.19193,0.07264,0.01359,7.42564,4.81936,4.50815,97.39512,34.39309,191.09035,16.75511,1,0.00000
0.02000,4.97975,0.01001,0.01003,0.01003,0.17169,0.08058,0.19332,0.07303,0.01369,7.42770,4.81902,4.50783,97.83773,34.55164,192.40441,16.83652,1,0.00000
0.03000,4.99436,0.01001,0.01003,0.01003,0.17219,0.08081,0.19432,0.07323,0.01377,7.43044,4.81894,4.50750,98.06361,34.63339,193.29949,16.87294,1,0.00000
0.04000,4.99237,0.01001,0.01003,0.01003,0.17216,0.08081,0.19472,0.07322,0.01380,7.43348,4.81926,4.50760,97.98267,34.61443,193.58399,16.85971,1,0.00000
0.05000,4.97078,0.01001,0.01003,0.01003,0.17149,0.08051,0.19439,0.07296,0.01378,7.43639,4.81969,4.50787,97.54268,34.47307,193.14619,16.78762,1,0.00000
0.06000,4.92914,0.01001,0.01003,0.01003,0.17016,0.07991,0.19329,0.07242,0.01370,7.43871,4.81986,4.50799,96.73787,34.20299,191.96834,16.65510,1,0.00000
0.07000,4.87037,0.01001,0.01003,0.01003,0.16825,0.07901,0.19152,0.07159,0.01358,7.44005,4.81909,4.50699,95.63012,33.81084,190.17549,16.46051,1,0.00000
0.08000,4.80165,0.01001,0.01003,0.01003,0.16597,0.07795,0.18928,0.07068,0.01342,7.43999,4.81772,4.50587,94.33603,33.36024,187.98805,16.25105,1,0.00000
0.09000,4.73502,0.01001,0.01003,0.01004,0.16372,0.07686,0.18707,0.06973,0.01325,7.43851,4.81525,4.50358,93.09275,32.90454,185.89551,16.03784,1,0.00000
0.10000,4.68724,0.01001,0.01003,0.01004,0.16205,0.07600,0.18551,0.06900,0.01312,7.43584,4.81140,4.49985,92.19912,32.55750,184.49806,15.88038,1,0.00000
0.11000,4.67806,0.01001,0.01003,0.01004,0.16161,0.07569,0.18536,0.06878,0.01310,7.43261,4.80707,4.49569,92.01386,32.44751,184.52323,15.84064,1,0.00000
0.12000,4.72714,0.01001,0.01003,0.01004,0.16306,0.07625,0.18739,0.06934,0.01322,7.42992,4.80290,4.49161,92.89251,32.70312,186.69753,15.97810,1,0.00000
0.13000,4.85004,0.01001,0.01003,0.01003,0.16693,0.07796,0.19223,0.07095,0.01356,7.42927,4.79973,4.48844,95.10583,33.44153,191.57423,16.35182,1,0.00000
0.14000,5.05441,0.01001,0.01003,0.01003,0.17356,0.08092,0.20032,0.07361,0.01413,7.43251,4.79913,4.48709,98.80909,34.69202,199.49643,16.95068,1,0.00000
0.15000,5.33699,0.01001,0.01002,0.01003,0.18287,0.08527,0.21156,0.07751,0.01495,7.44136,4.80286,4.48998,103.90168,36.49728,210.23855,17.81321,1,0.00000
0.16000,5.68207,0.01001,0.01002,0.01003,0.19455,0.09075,0.22566,0.08206,0.01596,7.45753,4.81366,4.49898,110.14862,38.71901,223.34933,18.79033,1,0.00000
0.17000,6.06125,0.01001,0.01002,0.01002,0.20764,0.09731,0.24137,0.08773,0.01718,7.48201,4.83079,4.51480,116.91758,41.32198,237.40532,19.97672,1,0.00000
0.18000,6.43460,0.01001,0.01002,0.01002,0.22065,0.10390,0.25678,0.09340,0.01838,7.53694,4.87183,4.55295,123.62637,43.92991,251.08187,21.15569,1,0.00000
0.19000,6.75360,0.01001,0.01002,0.01002,0.23199,0.10978,0.26988,0.09839,0.01943,7.61751,4.93329,4.61025,129.39733,46.23085,262.48107,22.18025,1,0.00000
0.20000,6.96669,0.01001,0.01002,0.01002,0.24013,0.11434,0.27886,0.10210,0.02021,7.70691,5.00279,4.67519,133.25331,47.93249,269.56617,22.89271,1,0.00000
0.21000,7.02819,0.01001,0.01002,0.01002,0.24345,0.11676,0.28178,0.10382,0.02056,7.79848,5.07556,4.74338,134.37291,48.71100,270.64374,23.14800,1,0.00000
0.22000,6.90842,0.01001,0.01002,0.01002,0.24080,0.11639,0.27732,0.10303,0.02039,7.88474,5.14621,4.80981,132.22244,48.32645,264.71386,22.84707,1,0.00000
0.23000,6.60025,0.01001,0.01002,0.01002,0.23175,0.11290,0.26513,0.09949,0.01962,7.95841,5.20939,4.86949,126.67242,46.67702,251.70879,21.95881,1,0.00000
0.24000,6.11997,0.01001,0.01002,0.01002,0.21666,0.10634,0.24588,0.09333,0.01830,8.01318,5.26032,4.91793,118.01333,43.82062,232.48371,20.52513,1,0.00000
0.25000,5.50566,0.01001,0.01002,0.01002,0.19668,0.09721,0.22122,0.08501,0.01653,8.04417,5.29508,4.95145,106.92663,39.97776,208.68499,18.65838,1,0.00000
0.26000,4.81583,0.01001,0.01002,0.01002,0.17371,0.08648,0.19355,0.07562,0.01452,8.04818,5.30991,4.96666,94.42827,35.54858,182.53070,16.59730,1,0.00000
0.27000,4.12610,0.01001,0.01003,0.01003,0.15046,0.07534,0.16612,0.06577,0.01246,8.02417,5.30553,4.96409,81.94521,31.01145,156.96335,14.46354,1,0.00000
0.28000,3.52060,0.01002,0.01003,0.01003,0.12983,0.06531,0.14213,0.05693,0.01064,7.97334,5.28024,4.94166,70.97271,26.96454,134.81755,12.57013,1,0.00000
0.29000,3.07801,0.01002,0.01004,0.01004,0.11454,0.05776,0.12442,0.05027,0.00929,7.89929,5.23533,4.90029,62.95006,23.95276,118.67053,11.16362,1,0.00000
0.30000,2.85654,0.01002,0.01004,0.01004,0.10658,0.05368,0.11489,0.04673,0.00850,7.80792,5.17595,4.84573,58.95116,22.38093,110.29759,10.44737,1,0.00000
0.31000,2.88377,0.01002,0.01004,0.01004,0.10685,0.05351,0.11423,0.04676,0.00842,7.70793,5.10621,4.78114,59.49808,22.43850,110.42195,10.52836,1,0.00000
0.32000,3.15470,0.01002,0.01004,0.01005,0.11514,0.05717,0.12205,0.05038,0.00896,7.61000,5.03751,4.71877,64.52029,24.10143,118.74542,11.41751,1,0.00000
0.33000,3.63493,0.01002,0.01004,0.01005,0.13037,0.06404,0.13717,0.05681,0.01002,7.52607,4.97629,4.66273,73.43927,27.12061,134.17209,12.94651,1,0.00000
0.34000,4.26410,0.01002,0.01003,0.01003,0.15074,0.07309,0.15777,0.06479,0.01143,7.46704,4.92776,4.61504,85.21244,31.04713,154.88328,14.81986,1,0.00000
0.35000,4.96041,0.01001,0.01003,0.01003,0.17321,0.08340,0.18060,0.07444,0.01310,7.44642,4.91128,4.60043,98.15971,35.50230,177.74997,17.06993,1,0.00000
0.36000,5.62977,0.01001,0.01002,0.01003,0.19528,0.09364,0.20331,0.08361,0.01474,7.44860,4.91170,4.60016,110.58111,39.83720,199.94813,19.15726,1,0.00000
0.37000,6.18040,0.01001,0.01002,0.01002,0.21377,0.10249,0.22248,0.09144,0.01617,7.47907,4.93462,4.62122,120.73273,43.50057,218.19503,20.89395,1,0.00000
0.38000,6.53900,0.01001,0.01002,0.01002,0.22617,0.10866,0.23531,0.09677,0.01717,7.53438,4.97770,4.66136,127.30366,45.98096,229.96322,22.03487,1,0.00000
0.39000,6.66317,0.01001,0.01002,0.01002,0.23101,0.11143,0.24020,0.09900,0.01761,7.59923,5.02915,4.70951,129.50715,46.98684,233.74021,22.44788,1,0.00000
0.40000,6.54597,0.01001,0.01002,0.01002,0.22787,0.11048,0.23663,0.09787,0.01742,7.66213,5.08045,4.75767,127.25274,46.42375,229.29575,22.10037,1,0.00000
0.41000,6.21351,0.01001,0.01002,0.01002,0.21745,0.10602,0.22530,0.09364,0.01666,7.71305,5.12383,4.79863,121.04883,44.41829,217.56804,21.07544,1,0.00000
0.42000,5.71991,0.01001,0.01002,0.01002,0.20142,0.09874,0.20806,0.08698,0.01543,7.74446,5.15346,4.82691,111.90975,41.29367,200.48382,19.53961,1,0.00000
0.43000,5.14157,0.01001,0.01002,0.01003,0.18227,0.08981,0.18761,0.07897,0.01393,7.75179,5.16557,4.83902,101.24202,37.54269,180.69300,17.73354,1,0.00000
0.44000,4.56900,0.01001,0.01003,0.01003,0.16306,0.08070,0.16721,0.07087,0.01242,7.73363,5.15852,4.83329,90.70205,33.76891,161.24720,15.94110,1,0.00000
0.45000,4.09438,0.01002,0.01003,0.01004,0.14692,0.07293,0.15009,0.06406,0.01113,7.69185,5.13332,4.81075,81.97575,30.59621,145.15847,14.45456,1,0.00000
0.46000,3.79610,0.01002,0.01003,0.01004,0.13655,0.06782,0.13895,0.05962,0.01028,7.63161,5.09224,4.77297,76.51019,28.55096,134.92784,13.51329,1,0.00000
0.47000,3.72475,0.01002,0.01004,0.01004,0.13365,0.06619,0.13541,0.05837,0.00998,7.56089,5.04228,4.72721,75.24005,27.98204,132.09446,13.29439,1,0.00000
0.48000,3.89592,0.01002,0.01004,0.01004,0.13878,0.06829,0.13996,0.06041,0.01027,7.49030,4.98983,4.67855,78.48425,28.98219,137.14620,13.82683,1,0.00000
0.49000,4.29143,0.01002,0.01003,0.01003,0.15140,0.07374,0.15203,0.06525,0.01106,7.43502,4.94500,4.63492,85.97018,31.40816,149.58168,14.99823,1,0.00000
0.50000,4.86497,0.01001,0.01003,0.01003,0.16967,0.08194,0.16967,0.07305,0.01233,7.41651,4.93002,4.62179,96.76061,35.02968,167.65669,16.86634,1,0.00000
0.51000,5.54794,0.01001,0.01003,0.01003,0.19200,0.09214,0.19162,0.08229,0.01391,7.41336,4.92548,4.61678,109.54600,39.41182,189.45810,19.00936,1,0.00000
0.52000,6.25632,0.01001,0.01002,0.01002,0.21572,0.10342,0.21533,0.09227,0.01567,7.42692,4.93480,4.62502,122.64395,44.09738,212.14917,21.23611,1,0.00000
0.53000,6.90099,0.01001,0.01002,0.01002,0.23771,0.11417,0.23740,0.10169,0.01736,7.47811,4.97414,4.66161,134.48324,48.47363,232.74609,23.28274,1,0.00000
0.54000,7.40185,0.01001,0.01002,0.01002,0.25523,0.12305,0.25490,0.10931,0.01874,7.56294,5.04072,4.72384,143.61468,51.99049,248.53002,24.88622,1,0.00000
0.55000,7.70248,0.01001,0.01002,0.01002,0.26644,0.12922,0.26590,0.11437,0.01969,7.66224,5.11998,4.79811,148.95752,54.28262,257.54883,25.86283,1,0.00000
0.56000,7.77942,0.01001,0.01002,0.01002,0.27038,0.13209,0.26928,0.11640,0.02010,7.76492,5.20373,4.87683,150.11915,55.14611,258.99006,26.13354,1,0.00000
0.57000,7.64244,0.01001,0.01002,0.01002,0.26713,0.13155,0.26508,0.11540,0.01994,7.86103,5.28450,4.95300,147.32673,54.58780,253.21333,25.72756,1,0.00000
0.58000,7.32940,0.01001,0.01002,0.01002,0.25776,0.12796,0.25441,0.11174,0.01928,7.94299,5.35660,5.02130,141.32011,52.80905,241.57148,24.76161,1,0.00000
0.59000,6.90101,0.01001,0.01002,0.01002,0.24417,0.12215,0.23933,0.10622,0.01825,8.00607,5.41630,5.07822,133.24416,50.18362,226.17527,23.42461,1,0.00000
0.60000,6.43516,0.01001,0.01002,0.01002,0.22896,0.11532,0.22256,0.09994,0.01705,8.04851,5.46192,5.12215,124.53710,47.22475,209.62456,21.96526,1,0.00000
0.61000,6.01746,0.01001,0.01002,0.01002,0.21506,0.10892,0.20705,0.09413,0.01592,8.07150,5.49396,5.15348,116.76616,44.51568,194.65590,20.65140,1,0.00000
0.62000,5.72774,0.01001,0.01002,0.01002,0.20525,0.10437,0.19551,0.09003,0.01507,8.07890,5.51476,5.17436,111.37599,42.61276,183.67537,19.74121,1,0.00000
0.63000,5.62622,0.01001,0.01002,0.01002,0.20167,0.10276,0.18987,0.08856,0.01467,8.07686,5.52856,5.18869,109.45212,41.94071,178.37168,19.42461,1,0.00000
0.64000,5.74346,0.01001,0.01002,0.01002,0.20545,0.10470,0.19101,0.09024,0.01478,8.07306,5.54096,5.20169,111.53166,42.72340,179.45688,19.79918,1,0.00000
0.65000,6.07655,0.01001,0.01002,0.01002,0.21657,0.11026,0.19873,0.09507,0.01542,8.07567,5.55826,5.21929,117.53084,44.95906,186.62479,20.85530,1,0.00000
0.66000,6.59124,0.01001,0.01002,0.01002,0.23397,0.11901,0.21188,0.10265,0.01650,8.09198,5.58637,5.24705,126.77748,48.43688,198.67250,22.48298,1,0.00000
0.67000,7.22769,0.01001,0.01002,0.01002,0.25573,0.13011,0.22861,0.11218,0.01789,8.12701,5.62966,5.28913,138.11440,52.77530,213.70820,24.48941,1,0.00000
0.68000,7.90760,0.01001,0.01002,0.01002,0.27930,0.14242,0.24655,0.12261,0.01942,8.18251,5.69013,5.34747,150.04083,57.46435,229.38635,26.62186,1,0.00000
0.69000,8.54234,0.01001,0.01002,0.01002,0.30171,0.15454,0.26304,0.13270,0.02090,8.25646,5.76694,5.42139,160.88198,61.91064,243.16519,28.59385,1,0.00000
0.70000,9.04318,0.01001,0.01001,0.01001,0.31990,0.16495,0.27540,0.14110,0.02211,8.34343,5.85658,5.50765,169.00701,65.49779,252.62757,30.11870,1,0.00000
0.71000,9.33508,0.01001,0.01001,0.01001,0.33112,0.17219,0.28134,0.14663,0.02286,8.43573,5.95366,5.60127,173.09813,67.67963,255.87800,30.96178,1,0.00000
0.72000,9.37097,0.01001,0.01001,0.01001,0.33353,0.17510,0.27942,0.14836,0.02299,8.52466,6.05197,5.69647,172.42080,68.08661,251.94249,30.97456,1,0.00000
0.73000,9.13927,0.01001,0.01001,0.01001,0.32642,0.17310,0.26935,0.14592,0.02242,8.60220,6.14551,5.78764,166.92759,66.59497,240.90770,30.13136,1,0.00000
0.74000,8.66157,0.01001,0.01001,0.01001,0.31035,0.16621,0.25190,0.13942,0.02120,8.66187,6.22917,5.86992,157.18276,63.32811,223.78870,28.51087,1,0.00000
0.75000,7.98629,0.01001,0.01001,0.01002,0.28688,0.15510,0.22876,0.12953,0.01943,8.69929,6.29894,5.93950,144.19190,58.62125,202.24373,26.28968,1,0.00000
0.76000,7.18408,0.01001,0.01002,0.01002,0.25850,0.14098,0.20230,0.11731,0.01731,8.71196,6.35203,5.99362,129.29933,52.98239,178.38139,23.69804,1,0.00000
0.77000,6.34307,0.01001,0.01002,0.01002,0.22842,0.12554,0.17527,0.10418,0.01507,8.69931,6.38678,6.03058,114.06846,47.04531,154.52613,21.01857,1,0.00000
0.78000,5.55976,0.01001,0.01002,0.01002,0.20015,0.11070,0.15047,0.09172,0.01296,8.66254,6.40276,6.04988,100.13046,41.49029,132.94910,18.54491,1,0.00000
0.79000,4.92581,0.01001,0.01002,0.01003,0.17697,0.09827,0.13021,0.08141,0.01122,8.60461,6.40085,6.05220,88.97489,36.93862,115.53855,16.54981,1,0.00000
0.80000,4.51472,0.01002,0.01003,0.01003,0.16139,0.08960,0.11603,0.07438,0.00999,8.53000,6.38332,6.03958,81.75748,33.86070,103.55331,15.24441,1,0.00000
0.81000,4.37338,0.01002,0.01003,0.01003,0.15488,0.08548,0.10856,0.07129,0.00932,8.44471,6.35395,6.01544,79.19297,32.52566,97.53405,14.75669,1,0.00000
0.82000,4.52049,0.01002,0.01003,0.01003,0.15788,0.08609,0.10768,0.07234,0.00922,8.35609,6.31802,5.98479,81.53269,33.00525,97.39180,15.13406,1,0.00000
0.83000,4.94836,0.01002,0.01003,0.01003,0.16996,0.09119,0.11271,0.07737,0.00964,8.27266,6.28240,5.95423,88.58822,35.20714,102.56090,16.34731,1,0.00000
0.84000,5.62387,0.01001,0.01003,0.01003,0.18995,0.10019,0.12264,0.08580,0.01047,8.20322,6.25547,5.93155,99.75058,38.89524,112.12526,18.27510,1,0.00000
0.85000,6.48942,0.01001,0.01002,0.01003,0.21599,0.11226,0.13619,0.09689,0.01161,8.15546,6.24451,5.92374,113.95052,43.70947,124.86212,20.74061,1,0.00000
0.86000,7.46768,0.01001,0.01002,0.01002,0.24574,0.12638,0.15192,0.10969,0.01297,8.13455,6.25501,5.93625,129.75823,49.19548,139.34897,23.50876,1,0.00000
0.87000,8.47074,0.01001,0.01002,0.01002,0.27655,0.14146,0.16833,0.12315,0.01442,8.14209,6.28941,5.97151,145.56100,54.85041,154.09420,26.31298,1,0.00000
0.88000,9.41076,0.01001,0.01002,0.01002,0.30582,0.15637,0.18396,0.13619,0.01587,8.17576,6.34703,6.02895,159.78384,60.17178,167.66750,28.88812,1,0.00000
0.89000,10.20872,0.01001,0.01002,0.01002,0.33110,0.16999,0.19744,0.14778,0.01719,8.22997,6.42431,6.10532,171.08253,64.69362,178.79233,30.99885,1,0.00000
0.90000,10.79974,0.01001,0.01002,0.01002,0.35030,0.18122,0.20753,0.15698,0.01827,8.29693,6.51562,6.19539,178.45170,68.01495,186.40941,32.46189,1,0.00000
0.91000,11.13734,0.01001,0.01001,0.01002,0.36176,0.18904,0.21316,0.16298,0.01899,8.36805,6.61439,6.29299,181.30746,69.82787,189.74796,33.15630,1,0.00000
0.92000,11.19987,0.01001,0.01001,0.01002,0.36452,0.19267,0.21368,0.16525,0.01928,8.43512,6.71413,6.39202,179.55827,69.96977,188.45200,33.04183,1,0.00000
0.93000,10.99711,0.01001,0.01001,0.01002,0.35861,0.19179,0.20901,0.16367,0.01910,8.49136,6.80919,6.48710,173.65150,68.47563,182.70752,32.17293,1,0.00000
0.94000,10.57058,0.01001,0.01001,0.01002,0.34514,0.18667,0.19976,0.15860,0.01846,8.53194,6.89520,6.57405,164.50693,65.58614,173.25108,30.69271,1,0.00000
0.95000,9.98565,0.01001,0.01002,0.01002,0.32609,0.17813,0.18708,0.15083,0.01747,8.55420,6.96925,6.65002,153.33057,61.70100,161.23023,28.80454,1,0.00000
0.96000,9.32143,0.01001,0.01002,0.01002,0.30386,0.16728,0.17272,0.14137,0.01623,8.55741,7.02982,6.71346,141.34448,57.26270,148.12310,26.72071,1,0.00000
0.97000,8.66283,0.01001,0.01002,0.01002,0.27879,0.15377,0.16093,0.13010,0.01476,8.54263,7.07676,6.76413,128.69721,52.15784,136.93770,24.41775,1,0.00000
0.98000,8.09316,0.01001,0.01002,0.01002,0.25679,0.14154,0.15004,0.12009,0.01344,8.51217,7.11082,6.80260,118.00164,47.70016,126.87841,22.45025,1,0.00000
0.99000,7.68408,0.01001,0.01002,0.01002,0.24008,0.13186,0.14153,0.11237,0.01237,8.46954,7.13392,6.83062,110.10020,44.24914,119.09689,20.98001,1,0.00000
1.00000,7.48356,0.01001,0.01002,0.01002,0.22997,0.12550,0.13638,0.10758,0.01163,8.41906,7.14907,6.85103,105.43641,42.00144,114.32417,20.09687,1,0.00000
1.01000,7.50569,0.01001,0.01002,0.01002,0.22667,0.12264,0.13495,0.10587,0.01124,8.36547,7.15989,6.86719,103.96935,40.96179,112.74677,19.80323,1,0.00000
1.02000,7.72716,0.01001,0.01002,0.01002,0.22929,0.12290,0.13693,0.10688,0.01116,8.31325,7.17052,6.88312,105.18191,40.95111,114.00753,20.00947,1,0.00000
1.03000,8.09275,0.01001,0.01002,0.01002,0.23613,0.12546,0.14150,0.10986,0.01129,8.26602,7.18434,6.90199,108.17751,41.65657,117.32694,20.55896,1,0.00000
1.04000,8.52680,0.01001,0.01002,0.01002,0.24497,0.12928,0.14752,0.11388,0.01155,8.22582,7.20372,6.92619,111.86364,42.69504,121.67855,21.25747,1,0.00000
1.05000,8.94589,0.01001,0.01002,0.01002,0.25354,0.13323,0.15370,0.11790,0.01184,8.19291,7.22949,6.95650,115.13397,43.67472,125.95827,21.90315,1,0.00000
1.06000,9.27040,0.01001,0.01002,0.01002,0.25968,0.13621,0.15877,0.12096,0.01205,8.16582,7.26066,6.99210,117.02616,44.24003,129.11030,22.31681,1,0.00000
1.07000,9.43480,0.01001,0.01002,0.01002,0.26167,0.13727,0.16157,0.12223,0.01210,8.14168,7.29495,7.03085,116.84884,44.11155,130.24905,22.36149,1,0.00000
1.08000,9.39793,0.01001,0.01002,0.01002,0.25843,0.13572,0.16122,0.12113,0.01192,8.11688,7.32929,7.06979,114.28200,43.12609,128.79344,21.96230,1,0.00000
1.09000,9.15287,0.01001,0.01002,0.01003,0.24978,0.13131,0.15736,0.11751,0.01149,8.08773,7.36006,7.10550,109.44148,41.27465,124.60619,21.12622,1,0.00000
1.10000,8.73200,0.01001,0.01003,0.01003,0.23660,0.12434,0.15030,0.11168,0.01084,8.05119,7.38481,7.13584,102.87869,38.71767,118.08167,19.94367,1,0.00000
1.11000,8.20282,0.01002,0.01004,0.01004,0.22070,0.11569,0.14103,0.10447,0.01003,8.00534,7.40617,7.16442,95.47066,35.76095,110.09799,18.57654,1,0.00000
1.12000,7.65501,0.01002,0.01008,0.01010,0.20445,0.10659,0.13104,0.09701,0.00918,7.95026,7.44298,7.21193,88.24268,32.79712,101.84093,17.22892,1,0.00000
1.13000,7.18375,0.01002,0.01003,0.01004,0.19044,0.09823,0.12201,0.09002,0.00841,7.88626,7.39903,7.16675,82.24665,30.16137,94.58456,16.01524,1,0.00000
1.14000,6.87448,0.01002,0.01004,0.01004,0.18060,0.09199,0.11539,0.08518,0.00782,7.81628,7.38586,7.15973,78.22363,28.24575,89.36346,15.21537,1,0.00000
1.15000,6.79125,0.01004,0.01030,0.01034,0.17646,0.08894,0.11235,0.08345,0.00749,7.75797,7.56024,7.35648,76.73689,27.34279,87.00336,14.98694,2,0.00000
1.16000,6.96784,0.01003,0.01025,0.01027,0.17889,0.08904,0.11352,0.08435,0.00746,7.69266,7.50932,7.30855,78.09197,27.39872,87.90852,15.22358,2,0.00000
1.17000,7.39963,0.01003,0.01022,0.01025,0.18755,0.09255,0.11892,0.08835,0.00772,7.63795,7.48721,7.29031,82.02539,28.46223,92.00530,15.99535,2,0.00000
1.18000,8.03822,0.01003,0.01023,0.01026,0.20121,0.09904,0.12801,0.09504,0.00823,7.59549,7.50163,7.31057,87.86555,30.34990,98.73591,17.19683,2,0.00000
1.19000,8.79411,0.01002,0.01006,0.01006,0.21799,0.10737,0.13973,0.10310,0.00892,7.56404,7.39359,7.19453,94.60272,32.64943,107.14523,18.55679,2,0.00000
1.20000,9.54989,0.01002,0.01020,0.01023,0.23505,0.11702,0.15252,0.11242,0.00971,7.54823,7.53337,7.35051,100.85468,35.14601,115.89391,20.01690,2,0.00000
1.21000,10.18033,0.01002,0.01008,0.01009,0.24990,0.12581,0.16470,0.12045,0.01050,7.54186,7.48726,7.30034,105.48862,37.15551,123.61283,21.10702,2,0.00000
1.22000,10.57264,0.01001,0.01003,0.01004,0.25984,0.13265,0.17436,0.12646,0.01115,7.54576,7.51234,7.32541,107.46878,38.38251,128.91891,21.71655,2,0.00000
1.23000,10.64157,0.01001,0.01003,0.01003,0.26266,0.13604,0.17961,0.12917,0.01155,7.55185,7.56732,7.38358,106.19210,38.48315,130.62161,21.68409,2,0.00000
1.24000,10.33873,0.01001,0.01003,0.01003,0.25691,0.13475,0.17886,0.12758,0.01156,7.55388,7.62507,7.44565,101.49496,37.24917,127.90235,20.92783,2,0.00000
1.25000,9.66029,0.01001,0.01003,0.01003,0.24209,0.12806,0.17111,0.12119,0.01111,7.54616,7.67724,7.50320,93.63774,34.65245,120.46521,19.46628,2,0.00000
1.26000,8.65451,0.01002,0.01004,0.01004,0.21904,0.11610,0.15642,0.11026,0.01018,7.52435,7.72277,7.55553,83.29779,30.86840,108.71636,17.41496,2,0.00000
1.27000,7.42237,0.01002,0.01013,0.01014,0.19007,0.10012,0.13618,0.09597,0.00884,7.48883,7.81182,7.65609,71.49802,26.29628,93.82114,14.99925,2,0.00000
1.28000,6.10513,0.01002,0.01004,0.01004,0.15890,0.08169,0.11310,0.07943,0.00729,7.42879,7.73929,7.58344,59.55242,21.33671,77.61979,12.37869,2,0.00000
1.29000,4.86129,0.01005,0.01030,0.01032,0.12925,0.06424,0.09030,0.06412,0.00576,7.37306,7.91782,7.77755,48.63089,16.79867,62.06373,10.04255,2,0.00000
1.30000,3.84123,0.01003,0.01011,0.01012,0.10517,0.04884,0.07105,0.05057,0.00447,7.26489,7.72529,7.58592,40.00567,12.87025,49.14666,8.02033,2,0.00000
1.31000,3.16757,0.01003,0.01007,0.01007,0.08938,0.03811,0.05784,0.04141,0.00358,7.16181,7.62991,7.49479,34.56472,10.17221,40.42375,6.68976,2,0.00000
1.32000,2.92383,0.01005,0.01009,0.01007,0.08285,0.03388,0.05157,0.03816,0.00314,7.06156,7.56561,7.42603,32.68026,9.18632,36.50090,6.30330,2,0.00000
1.33000,3.14621,0.01004,0.01012,0.01013,0.08757,0.03402,0.05378,0.03932,0.00321,6.94167,7.51173,7.39080,35.24797,9.37703,38.57560,6.64441,2,0.00000
1.34000,3.81418,0.01003,0.01012,0.01013,0.10110,0.04015,0.06275,0.04622,0.00368,6.83965,7.43632,7.32131,41.42069,11.22567,45.53352,7.96820,2,0.00000
1.35000,4.84573,0.01003,0.01029,0.01027,0.12209,0.05076,0.07765,0.05748,0.00451,6.75479,7.49777,7.37268,50.62750,14.32827,56.79403,10.04894,2,0.00000
1.36000,6.10657,0.01003,0.01005,0.01005,0.14773,0.06429,0.09651,0.07156,0.00558,6.69427,7.29346,7.18581,61.51592,18.19311,70.78753,12.57871,2,0.00000
1.37000,7.43253,0.01002,0.01004,0.01004,0.17524,0.07983,0.11777,0.08724,0.00681,6.66186,7.28665,7.18284,72.60035,22.46212,86.08486,15.26012,2,0.00000
1.38000,8.65585,0.01002,0.01007,0.01007,0.20167,0.09575,0.13947,0.10285,0.00813,6.65618,7.33535,7.23657,82.34251,26.56450,100.95554,17.71685,2,0.00000
1.39000,9.62668,0.01002,0.01003,0.01003,0.22428,0.11027,0.15966,0.11666,0.00942,6.67173,7.36451,7.26704,89.49976,29.94374,113.79541,19.60764,2,0.00000
1.40000,10.22761,0.01002,0.01011,0.01012,0.24043,0.12215,0.17612,0.12740,0.01059,6.70136,7.49254,7.40177,93.17412,32.27585,123.06106,20.74092,2,0.00000
1.41000,10.38419,0.01002,0.01003,0.01003,0.24808,0.12924,0.18670,0.13324,0.01146,6.73090,7.51371,7.42324,93.01917,33.11857,127.56744,20.92309,2,0.00000
1.42000,10.07542,0.01002,0.01002,0.01002,0.24580,0.13061,0.18952,0.13349,0.01189,6.75798,7.58621,7.49934,89.11006,32.43710,126.54542,20.19973,2,0.00000
1.43000,9.34134,0.01002,0.01002,0.01002,0.23349,0.12560,0.18361,0.12779,0.01175,6.77345,7.65231,7.57000,82.01806,30.28799,119.98216,18.67247,2,0.00000
1.44000,8.27901,0.01002,0.01003,0.01003,0.21255,0.11470,0.16945,0.11677,0.01104,6.77278,7.70302,7.62595,72.67739,26.96516,108.69792,16.55404,2,0.00000
1.45000,7.02395,0.01002,0.01004,0.01004,0.18573,0.09944,0.14894,0.10193,0.00984,6.75409,7.73975,7.66870,62.20998,22.91923,94.20331,14.11527,2,0.00000
1.46000,5.72497,0.01003,0.01011,0.01012,0.15656,0.08218,0.12507,0.08547,0.00833,6.72229,7.80702,7.74364,51.73388,18.68866,78.38080,11.64899,2,0.00000
1.47000,4.52169,0.01003,0.01004,0.01004,0.12895,0.06462,0.10142,0.06893,0.00678,6.66446,7.73710,7.67762,42.33263,14.59264,63.29751,9.31994,2,0.00000
1.48000,3.52899,0.01003,0.01005,0.01005,0.10571,0.04976,0.08088,0.05504,0.00541,6.59809,7.71273,7.65931,34.69444,11.22230,50.48778,7.43290,2,0.00000
1.49000,2.82676,0.01005,0.01033,0.01034,0.08895,0.03976,0.06570,0.04545,0.00438,6.53471,7.87976,7.83426,29.32945,8.99229,41.16526,6.16497,2,0.00000
1.50000,2.45079,0.01004,0.01015,0.01015,0.08011,0.03330,0.05738,0.03968,0.00382,6.44041,7.68192,7.64078,26.61376,7.57644,36.16347,5.42608,2,0.00000
1.51000,2.38487,0.01004,0.01009,0.01009,0.07859,0.03153,0.05572,0.03856,0.00369,6.35651,7.57675,7.54030,26.33617,7.22218,35.35319,5.32266,2,0.00000
1.52000,2.56162,0.01004,0.01008,0.01009,0.08271,0.03351,0.05933,0.04115,0.00392,6.27678,7.51076,7.47906,27.93822,7.72405,37.88133,5.72982,2,0.00000
1.53000,2.87738,0.01003,0.01011,0.01011,0.09002,0.03783,0.06608,0.04598,0.00436,6.20426,7.47277,7.44573,30.59118,8.76048,42.39519,6.44488,2,0.00000
1.54000,3.21501,0.01004,0.01015,0.01015,0.09789,0.04271,0.07359,0.05134,0.00486,6.14200,7.45615,7.43346,33.38540,9.91449,47.36539,7.22285,2,0.00000
1.55000,3.46491,0.01004,0.01016,0.01016,0.10386,0.04640,0.07958,0.05553,0.00526,6.08798,7.43058,7.41180,35.46988,10.77739,51.29362,7.82072,2,0.00000
1.56000,3.54030,0.01004,0.01018,0.01018,0.10589,0.04771,0.08201,0.05722,0.00544,6.04047,7.41335,7.39826,36.15498,11.07429,52.87727,8.05252,2,0.00000
1.57000,3.38744,0.01004,0.01017,0.01017,0.10261,0.04570,0.07941,0.05542,0.00529,5.99247,7.37171,7.36008,35.01974,10.59682,51.21596,7.79099,2,0.00000
1.58000,2.99161,0.01003,0.01010,0.01010,0.09363,0.03977,0.07123,0.04966,0.00476,5.94083,7.29125,7.28286,31.98328,9.22464,45.98894,6.98571,2,0.00000
1.59000,2.37878,0.01004,0.01007,0.01007,0.07948,0.03035,0.05778,0.04030,0.00386,5.88683,7.22126,7.21602,27.24940,7.05764,37.42526,5.69229,2,0.00000
1.60000,1.61273,0.01004,0.01013,0.01013,0.06128,0.01976,0.04004,0.02832,0.00267,5.82425,7.20248,7.20033,21.17038,4.62507,26.09442,4.03742,2,0.00000
1.61000,0.78654,0.01005,0.01034,0.01034,0.03961,0.01245,0.01956,0.01615,0.00121,5.74947,7.26792,7.26851,13.85448,2.94561,12.86799,2.33799,2,0.00000
1.62000,0.00745,0.01006,0.01615,0.01615,0.01192,0.01033,0.01041,0.01052,-0.00113,5.66578,11.18621,11.19486,4.24477,2.48047,6.94633,1.55697,2,0.00000
1.63000,-0.62331,0.01063,0.03885,0.03887,0.01011,0.01009,0.01008,0.01011,-0.00292,5.87273,26.41905,26.45694,3.68263,2.47265,6.84137,1.54076,2,0.00000
1.64000,-1.02855,0.01089,0.05565,0.05571,0.01008,0.01007,0.01006,0.01007,-0.00428,5.88835,37.02710,37.09823,3.77090,2.52494,6.96352,1.59026,2,0.00000
1.65000,-1.16350,0.01149,0.06278,0.06285,0.01007,0.01006,0.01005,0.01007,-0.00496,6.06983,40.73093,40.82347,3.87818,2.58887,7.11402,1.65192,2,0.00000
1.66000,-1.01576,0.01134,0.05936,0.05943,0.01007,0.01006,0.01005,0.01006,-0.00482,5.84322,37.46949,37.56321,3.99940,2.65944,7.27922,1.72096,2,0.00000
1.67000,-0.60490,0.01058,0.04514,0.04519,0.01009,0.01007,0.01006,0.01008,-0.00376,5.32661,27.73516,27.80693,4.14905,2.74391,7.47528,1.80470,2,0.00000
1.68000,0.01685,0.01007,0.02187,0.02189,0.01073,0.01026,0.01022,0.01033,-0.00182,5.01767,13.26041,13.29364,4.63902,2.92398,7.88992,1.96365,2,0.00000
1.69000,0.76990,0.01006,0.01075,0.01075,0.03039,0.01120,0.01290,0.01270,0.00012,4.96734,6.44668,6.45373,13.65188,3.30246,10.25715,2.50510,2,0.00000
1.70000,1.56181,0.01006,0.01022,0.01022,0.05305,0.01249,0.02328,0.01946,0.00124,4.93614,6.07992,6.08630,24.50971,3.77927,18.92287,3.93700,2,0.00000
1.71000,2.30411,0.01006,0.01036,0.01036,0.06708,0.01732,0.03518,0.02859,0.00186,4.91511,6.11913,6.12443,31.64812,5.34398,29.05914,5.88980,2,0.00000
1.72000,2.92461,0.01006,0.01046,0.01046,0.07818,0.02205,0.04446,0.03586,0.00233,4.90798,6.15269,6.15689,37.47135,6.90464,37.16867,7.48665,2,0.00000
1.73000,3.37401,0.01008,0.01056,0.01056,0.08591,0.02562,0.05067,0.04082,0.00263,4.90982,6.19659,6.19964,41.67604,8.11226,42.74470,8.61216,2,0.00000
1.74000,3.62879,0.01009,0.01067,0.01067,0.09017,0.02716,0.05377,0.04328,0.00276,4.91638,6.24477,6.24666,44.18336,8.68104,45.68344,9.21296,2,0.00000
1.75000,3.69127,0.01009,0.01065,0.01065,0.09082,0.02720,0.05366,0.04328,0.00273,4.91663,6.22452,6.22521,44.92398,8.77060,45.88672,9.28996,2,0.00000
1.76000,3.58721,0.01005,0.01012,0.01012,0.08886,0.02373,0.05129,0.04124,0.00259,4.90005,5.90040,5.89981,44.39937,7.72667,44.16578,8.93192,2,0.00000
1.77000,3.36111,0.01007,0.01054,0.01054,0.08409,0.02282,0.04639,0.03758,0.00231,4.90796,6.13123,6.12936,42.50874,7.51085,40.28480,8.22055,2,0.00000
1.78000,3.06932,0.01006,0.01043,0.01043,0.07831,0.02003,0.04067,0.03315,0.00200,4.89866,6.04779,6.04455,40.13852,6.67971,35.68054,7.33648,2,0.00000
1.79000,2.77087,0.01005,0.01035,0.01035,0.07233,0.01749,0.03486,0.02872,0.00168,4.88839,5.97171,5.96703,37.68083,5.92300,30.95208,6.43709,2,0.00000
1.80000,2.51735,0.01006,0.01032,0.01032,0.06718,0.01536,0.02984,0.02488,0.00141,4.87697,5.91925,5.91298,35.63926,5.29178,26.86674,5.65761,2,0.00000
1.81000,2.34576,0.01006,0.01025,0.01025,0.06349,0.01386,0.02611,0.02200,0.00120,4.86369,5.84311,5.83508,34.35255,4.86479,23.86232,5.07770,2,0.00000
1.82000,2.27668,0.01006,0.01029,0.01029,0.06214,0.01226,0.02413,0.02008,0.00110,4.84985,5.82468,5.81463,34.32373,4.38959,22.40241,4.70724,2,0.00000
1.83000,2.31495,0.01006,0.01029,0.01029,0.06189,0.01243,0.02332,0.01967,0.00103,4.83481,5.78317,5.77118,34.90924,4.54007,22.00393,4.68427,2,0.00000
1.84000,2.44976,0.01006,0.01031,0.01031,0.06377,0.01224,0.02400,0.01998,0.00105,4.82137,5.74808,5.73386,36.73059,4.56458,23.00716,4.83123,2,0.00000
1.85000,2.65534,0.01006,0.01033,0.01033,0.06637,0.01298,0.02536,0.02114,0.00109,4.80953,5.72121,5.70483,39.02382,4.93670,24.68710,5.19331,2,0.00000
1.86000,2.89599,0.01006,0.01038,0.01038,0.06927,0.01421,0.02698,0.02265,0.00113,4.80011,5.71051,5.69207,41.54805,5.50955,26.65106,5.64836,2,0.00000
1.87000,3.13410,0.01006,0.01039,0.01039,0.07283,0.01407,0.02877,0.02366,0.00120,4.79470,5.67704,5.65576,44.54580,5.56115,28.82312,5.99050,2,0.00000
1.88000,3.33733,0.01006,0.01045,0.01045,0.07480,0.01544,0.02960,0.02469,0.00121,4.79043,5.67501,5.65168,46.63136,6.21477,30.06582,6.34586,2,0.00000
1.89000,3.48354,0.01006,0.01048,0.01048,0.07638,0.01548,0.02998,0.02493,0.00121,4.78884,5.65776,5.63164,48.52673,6.34821,30.85846,6.50345,2,0.00000
1.90000,3.56485,0.01006,0.01050,0.01051,0.07674,0.01545,0.02955,0.02467,0.00117,4.78796,5.63750,5.60863,49.68925,6.45414,30.82512,6.53077,2,0.00000
1.91000,3.59112,0.01006,0.01044,0.01044,0.07686,0.01403,0.02881,0.02366,0.00113,4.78793,5.56928,5.53661,50.73084,5.97282,30.46079,6.35885,2,0.00000
1.92000,3.59087,0.01006,0.01044,0.01045,0.07574,0.01397,0.02746,0.02279,0.00106,4.78669,5.53300,5.49740,50.97917,6.06049,29.43594,6.21803,2,0.00000
1.93000,3.60880,0.01006,0.01055,0.01055,0.07467,0.01422,0.02638,0.02228,0.00099,4.78521,5.54894,5.51066,51.25753,6.29278,28.67054,6.17020,2,0.00000
1.94000,3.70071,0.01006,0.01057,0.01058,0.07504,0.01422,0.02615,0.02213,0.00096,4.78393,5.52149,5.47999,52.55096,6.41988,28.82431,6.22332,2,0.00000
1.95000,3.92594,0.01007,0.01058,0.01058,0.07770,0.01433,0.02722,0.02278,0.00100,4.78402,5.48463,5.43951,55.49176,6.59718,30.42006,6.50392,2,0.00000
1.96000,4.33637,0.01007,0.01064,0.01065,0.08279,0.01556,0.02983,0.02479,0.00108,4.78700,5.47818,5.42995,60.26940,7.30200,33.78041,7.18202,2,0.00000
1.97000,4.96359,0.01006,0.01020,0.01020,0.09207,0.01486,0.03492,0.02798,0.00127,4.79263,5.22288,5.16872,68.24003,7.10074,40.02051,8.22057,2,0.00000
1.98000,5.80927,0.01007,0.01076,0.01077,0.10304,0.01943,0.04046,0.03261,0.00146,4.81248,5.48591,5.42999,77.61979,9.43703,46.84739,9.70854,2,0.00000
1.99000,6.84203,0.01005,0.01018,0.01019,0.11748,0.02201,0.04782,0.03833,0.00171,4.83025,5.18278,5.12113,89.75581,10.84391,55.82190,11.54819,2,0.00000
2.00000,7.99829,0.01005,0.01018,0.01019,0.13359,0.02679,0.05546,0.04459,0.00199,4.86521,5.18637,5.12084,103.22437,13.35437,65.10606,13.57063,2,0.00000
2.01000,9.18466,0.01004,0.01019,0.01019,0.15063,0.03167,0.06316,0.05101,0.00226,4.91262,5.20879,5.13928,117.33427,15.92245,74.33930,15.65374,2,0.00000
2.02000,10.28316,0.01004,0.01019,0.01020,0.16705,0.03616,0.07022,0.05704,0.00253,4.97232,5.24571,5.17204,130.71064,18.27087,82.59228,17.61519,2,0.00000
2.03000,11.16240,0.01004,0.01021,0.01021,0.18100,0.03979,0.07588,0.06209,0.00276,5.04273,5.30298,5.22528,141.72949,20.12844,88.90166,19.24932,2,0.00000
2.04000,11.69670,0.01003,0.01021,0.01022,0.19053,0.04213,0.07940,0.06550,0.00292,5.12061,5.36566,5.28399,148.76471,21.26152,92.37902,20.34123,2,0.00000
2.05000,11.78932,0.01003,0.01021,0.01022,0.19402,0.04261,0.08019,0.06672,0.00299,5.20120,5.43124,5.34502,150.60110,21.39129,92.43507,20.71141,2,0.00000
2.06000,11.39062,0.01003,0.01020,0.01021,0.19024,0.04118,0.07769,0.06518,0.00294,5.27854,5.48975,5.39961,146.55238,20.52942,88.65571,20.19795,2,0.00000
2.07000,10.50446,0.01003,0.01019,0.01020,0.17887,0.03737,0.07176,0.06063,0.00275,5.34617,5.53460,5.44026,136.79934,18.50780,81.13730,18.74816,2,0.00000
2.08000,9.18703,0.01004,0.01018,0.01018,0.16032,0.03130,0.06247,0.05305,0.00242,5.39795,5.56090,5.46267,122.09049,15.44588,70.21629,16.38917,2,0.00000
2.09000,7.54551,0.01004,0.01017,0.01018,0.13594,0.02357,0.05040,0.04292,0.00196,5.42905,5.56790,5.46634,103.66490,11.65711,56.62531,13.28314,2,0.00000
2.10000,5.73515,0.01005,0.01019,0.01019,0.10798,0.01558,0.03670,0.03127,0.00142,5.43692,5.55424,5.44967,83.05841,7.77651,41.49069,9.73149,2,0.00000
2.11000,3.94761,0.01006,0.01066,0.01068,0.07680,0.01353,0.02240,0.02024,0.00079,5.42172,5.76079,5.65870,60.01429,6.86793,25.66163,6.35682,2,0.00000
2.12000,2.38759,0.01008,0.01051,0.01052,0.04754,0.01064,0.01265,0.01234,0.00022,5.38841,5.59801,5.48931,37.94371,5.52107,14.75819,3.92144,2,0.00000
2.13000,1.24257,0.01011,0.01103,0.01104,0.01967,0.01042,0.01081,0.01087,-0.00034,5.34752,5.76447,5.64649,16.08127,5.54352,12.89142,3.49961,2,0.00000
2.14000,0.65629,0.01057,0.02016,0.01972,0.01010,0.01006,0.01007,0.01007,-0.00196,5.52223,10.31168,9.86918,8.45824,5.49115,12.27407,3.28469,2,0.00000
2.15000,0.71519,0.01063,0.01852,0.01812,0.01011,0.01006,0.01007,0.01007,-0.00183,5.48391,9.26038,8.85918,8.66194,5.62896,12.53366,3.32260,2,0.00000
2.16000,1.44489,0.01016,0.01104,0.01104,0.02175,0.01067,0.01127,0.01128,-0.00008,5.18217,5.40240,5.27861,19.01998,6.10568,14.29502,3.75908,2,0.00000
2.17000,2.80612,0.01010,0.01037,0.01038,0.04854,0.01164,0.01547,0.01414,0.00048,5.11494,4.98209,4.86679,43.15412,6.78905,19.91126,4.75296,2,0.00000
2.18000,4.68964,0.01009,0.01062,0.01065,0.07784,0.01671,0.02687,0.02275,0.00096,5.08964,5.02992,4.91472,70.07087,9.89534,34.96980,7.69613,2,0.00000
2.19000,6.92163,0.01006,0.01021,0.01022,0.11342,0.02190,0.04065,0.03312,0.00149,5.08308,4.79231,4.67105,102.94115,13.11374,53.24715,11.24622,2,0.00000
2.20000,9.28609,0.01005,0.01023,0.01024,0.15199,0.02961,0.05435,0.04439,0.00203,5.11220,4.78648,4.66252,138.46426,17.85180,71.34724,15.09980,2,0.00000
2.21000,11.55616,0.01004,0.01026,0.01028,0.19154,0.03677,0.06768,0.05560,0.00259,5.17094,4.81808,4.69023,174.34645,22.21173,88.61659,18.89968,2,0.00000
2.22000,13.52205,0.01003,0.01029,0.01031,0.22854,0.04336,0.07970,0.06606,0.00314,5.25622,4.87581,4.74335,206.86526,26.11395,103.62728,22.38550,2,0.00000
2.23000,15.00870,0.01003,0.01038,0.01041,0.25955,0.04950,0.08967,0.07516,0.00365,5.35219,4.97575,4.84163,232.54278,29.58112,115.24990,25.32898,2,0.00000
2.24000,15.88576,0.01002,0.01040,0.01043,0.28168,0.05451,0.09703,0.08238,0.00409,5.46212,5.05864,4.91862,248.66964,32.17601,122.77815,27.54133,2,0.00000
2.25000,16.07958,0.01002,0.01039,0.01042,0.29241,0.05858,0.10103,0.08696,0.00442,5.58354,5.14298,4.99873,253.34000,34.01182,125.45249,28.78028,2,0.00000
2.26000,15.58900,0.01002,0.01035,0.01038,0.29075,0.06077,0.10135,0.08842,0.00460,5.70698,5.21765,5.06597,246.49652,34.59779,123.26482,28.91340,2,0.00000
2.27000,14.49083,0.01002,0.01030,0.01033,0.27693,0.06073,0.09772,0.08629,0.00459,5.82213,5.28156,5.12313,229.51583,33.86908,116.41938,27.85491,2,0.00000
2.28000,12.92417,0.01002,0.01025,0.01027,0.25273,0.05794,0.09033,0.08054,0.00438,5.91947,5.32708,5.16185,205.10154,31.70338,105.65476,25.67509,2,0.00000
2.29000,11.06399,0.01003,0.01021,0.01023,0.22097,0.05234,0.07976,0.07161,0.00397,5.99160,5.35511,5.18296,176.44749,28.23203,92.04550,22.59891,2,0.00000
2.30000,9.09940,0.01003,0.01016,0.01017,0.18515,0.04479,0.06709,0.06052,0.00340,6.03420,5.34469,5.16755,146.55759,23.98775,76.89735,18.98194,2,0.00000
2.31000,7.21890,0.01004,0.01015,0.01016,0.14941,0.03634,0.05404,0.04886,0.00276,6.04698,5.32640,5.14539,118.23297,19.48447,61.95142,15.30822,2,0.00000
2.32000,5.59615,0.01004,0.01014,0.01015,0.11758,0.02874,0.04230,0.03828,0.00217,6.03306,5.27920,5.09589,93.71983,15.53988,48.80996,12.03369,2,0.00000
2.33000,4.37252,0.01006,0.01055,0.01060,0.09197,0.02478,0.03329,0.03058,0.00168,6.00147,5.41935,5.24940,74.21211,13.58120,38.83360,9.67025,2,0.00000
2.34000,3.63910,0.01007,0.01037,0.01040,0.07665,0.02163,0.02803,0.02584,0.00140,5.94891,5.23863,5.06531,62.74252,12.04290,33.13586,8.22768,2,0.00000
2.35000,3.42618,0.01008,0.01037,0.01039,0.07244,0.02040,0.02656,0.02425,0.00135,5.89433,5.14450,4.96572,60.11756,11.53788,31.80203,7.76645,2,0.00000
2.36000,3.70637,0.01007,0.01039,0.01042,0.07708,0.02294,0.02866,0.02631,0.00146,5.83318,5.05732,4.88359,64.71527,13.15849,34.72397,8.46422,2,0.00000
2.37000,4.40692,0.01007,0.01054,0.01059,0.09117,0.02714,0.03374,0.03090,0.00175,5.78407,5.04235,4.87237,77.19239,15.73741,41.23077,9.96507,2,0.00000
2.38000,5.42186,0.01009,0.01087,0.01094,0.11296,0.03268,0.04112,0.03751,0.00220,5.76018,5.12506,4.95381,96.09835,19.09150,50.53852,12.10086,2,0.00000
2.39000,6.62144,0.01004,0.01014,0.01015,0.13955,0.03910,0.04993,0.04547,0.00276,5.71830,4.72467,4.54122,118.83663,22.92489,61.48715,14.64300,2,0.00000
2.40000,7.86392,0.01004,0.01016,0.01018,0.16840,0.04707,0.05951,0.05464,0.00340,5.71984,4.69396,4.50987,143.01529,27.60481,73.20177,17.52934,2,0.00000
2.41000,9.01209,0.01003,0.01018,0.01020,0.19693,0.05541,0.06895,0.06396,0.00407,5.74237,4.68447,4.49932,166.23724,32.39322,84.43978,20.40770,2,0.00000
2.42000,9.95135,0.01003,0.01020,0.01023,0.22251,0.06361,0.07746,0.07273,0.00476,5.78360,4.69085,4.50381,186.15097,36.95941,94.18925,23.04334,2,0.00000
2.43000,10.60305,0.01002,0.01021,0.01024,0.24297,0.07117,0.08439,0.08030,0.00540,5.83961,4.70611,4.51745,200.96087,41.00132,101.67247,25.23478,2,0.00000
2.44000,10.92906,0.01002,0.01024,0.01028,0.25689,0.07755,0.08928,0.08616,0.00595,5.90596,4.74166,4.55001,209.68980,44.20958,106.43454,26.82773,2,0.00000
2.45000,10.92899,0.01002,0.01025,0.01029,0.26257,0.08159,0.09320,0.08939,0.00635,5.97703,4.77230,4.57699,211.30616,45.97536,110.10645,27.56278,2,0.00000
2.46000,10.63575,0.01002,0.01025,0.01029,0.26021,0.08305,0.09590,0.08987,0.00656,6.04752,4.79869,4.59911,206.43218,46.24628,112.49144,27.43732,2,0.00000
2.47000,10.11220,0.01002,0.01025,0.01029,0.25170,0.08258,0.09629,0.08821,0.00661,6.11273,4.82403,4.62008,196.98634,45.47371,112.20348,26.67578,2,0.00000
2.48000,9.44439,0.01002,0.01006,0.01006,0.23880,0.08041,0.09471,0.08482,0.00651,6.16785,4.74819,4.52700,184.64647,43.84854,109.76311,25.42985,2,0.00000
2.49000,8.72824,0.01002,0.01006,0.01006,0.22390,0.07734,0.09197,0.08053,0.00633,6.21244,4.75581,4.53133,171.39777,41.84132,106.16822,23.96382,2,0.00000
2.50000,8.05347,0.01002,0.01006,0.01006,0.20928,0.07397,0.08890,0.07609,0.00611,6.24539,4.75394,4.52666,158.94923,39.78964,102.39522,22.50189,2,0.00000
2.51000,7.49065,0.01002,0.01006,0.01006,0.19691,0.07101,0.08637,0.07223,0.00592,6.26791,4.74310,4.51360,148.66983,38.04601,99.42086,21.25234,2,0.00000
2.52000,7.08419,0.01003,0.01006,0.01006,0.18816,0.06900,0.08511,0.06950,0.00581,6.28238,4.72514,4.49393,141.42455,36.86950,98.01989,20.36176,2,0.00000
2.53000,6.85097,0.01003,0.01006,0.01006,0.18370,0.06823,0.08558,0.06818,0.00582,6.29183,4.70244,4.46945,137.56014,36.39137,98.68701,19.90238,2,0.00000
2.54000,6.78218,0.01003,0.01006,0.01006,0.18350,0.06879,0.08797,0.06832,0.00595,6.29951,4.67777,4.44316,136.92559,36.62883,101.59448,19.87041,2,0.00000
2.55000,6.84684,0.01002,0.01006,0.01006,0.18691,0.07054,0.09217,0.06975,0.00620,6.30834,4.65386,4.41801,138.91948,37.48339,106.57681,20.20564,2,0.00000
2.56000,6.99705,0.01002,0.01006,0.01006,0.19277,0.07314,0.09780,0.07207,0.00655,6.32054,4.63210,4.39434,142.60017,38.75644,113.16426,20.78621,2,0.00000
2.57000,7.17630,0.01002,0.01006,0.01007,0.19959,0.07616,0.10425,0.07481,0.00696,6.33736,4.61897,4.38140,146.81943,40.20659,120.62115,21.47263,2,0.00000
2.58000,7.33008,0.01002,0.01006,0.01006,0.20590,0.07906,0.11083,0.07740,0.00737,6.35894,4.60392,4.36366,150.47783,41.54470,128.12908,22.09500,2,0.00000
2.59000,7.41653,0.01002,0.01008,0.01010,0.21043,0.08147,0.11683,0.07949,0.00775,6.38442,4.60751,4.36906,152.69376,42.58489,134.87595,22.55760,2,0.00000
2.60000,7.41354,0.01002,0.01011,0.01013,0.21250,0.08303,0.12176,0.08070,0.00806,6.41231,4.61124,4.37305,153.02964,43.15528,140.32289,22.76196,2,0.00000
2.61000,7.32008,0.01002,0.01014,0.01017,0.21194,0.08365,0.12540,0.08097,0.00829,6.44089,4.61898,4.38116,151.46498,43.22608,144.22360,22.69704,2,0.00000
2.62000,7.15275,0.01002,0.01017,0.01022,0.20912,0.08341,0.12776,0.08041,0.00842,6.46854,4.62993,4.39297,148.34271,42.85990,146.66750,22.40346,2,0.00000
2.63000,6.94084,0.01002,0.01022,0.01028,0.20480,0.08254,0.12918,0.07926,0.00850,6.49422,4.64369,4.40788,144.27312,42.19212,148.06499,21.95710,2,0.00000
2.64000,6.72119,0.01002,0.01026,0.01032,0.20006,0.08136,0.13024,0.07785,0.00854,6.51742,4.65191,4.41598,140.02263,41.39534,149.09533,21.45040,2,0.00000
2.65000,6.53243,0.01002,0.01032,0.01040,0.19598,0.08039,0.13161,0.07670,0.00861,6.53847,4.66788,4.43353,136.35452,40.71998,150.53894,21.02742,2,0.00000
2.66000,6.40826,0.01002,0.01004,0.01005,0.19376,0.07949,0.13417,0.07544,0.00874,6.55424,4.52847,4.26989,134.03897,40.10413,153.37927,20.58201,2,0.00000
2.67000,6.37097,0.01015,0.01035,0.01037,0.19409,0.07997,0.13863,0.07565,0.00899,6.65707,4.65163,4.39207,133.51046,40.17745,158.37202,20.53965,2,0.00000
2.68000,6.42691,0.01002,0.01004,0.01005,0.19674,0.08122,0.14463,0.07690,0.00937,6.59174,4.50430,4.24260,134.52539,40.62636,165.05896,20.77301,2,0.00000
2.69000,6.56539,0.01002,0.01004,0.01004,0.20206,0.08355,0.15299,0.07909,0.00988,6.61472,4.49537,4.23173,137.25960,41.58345,174.32518,21.24942,2,0.00000
2.70000,6.76168,0.01002,0.01004,0.01004,0.20917,0.08662,0.16311,0.08200,0.01052,6.64260,4.49021,4.22412,141.04299,42.86392,185.40714,21.89852,2,0.00000
2.71000,6.98282,0.01002,0.01013,0.01016,0.21698,0.09033,0.17425,0.08576,0.01126,6.67615,4.53205,4.27603,145.10145,44.40143,197.37913,22.75102,2,0.00000
2.72000,7.19435,0.01001,0.01006,0.01008,0.22471,0.09377,0.18587,0.08893,0.01204,6.71568,4.51027,4.24552,148.89231,45.74522,209.57171,23.41744,2,0.00000
2.73000,7.36538,0.01001,0.01003,0.01003,0.23138,0.09683,0.19706,0.09155,0.01274,6.76063,4.50786,4.23385,151.77843,46.83894,220.91468,23.91555,2,0.00000
2.74000,7.47210,0.01001,0.01003,0.01003,0.23602,0.09937,0.20681,0.09382,0.01342,6.80975,4.52358,4.24657,153.18337,47.63524,230.30129,24.30052,2,0.00000
2.75000,7.50170,0.01001,0.01003,0.01003,0.23831,0.10104,0.21460,0.09522,0.01398,6.86153,4.54276,4.26264,152.97500,47.98399,237.20948,24.44399,2,0.00000
2.76000,7.45714,0.01001,0.01003,0.01003,0.23829,0.10181,0.22021,0.09572,0.01442,6.91426,4.56414,4.28091,151.27353,47.89368,241.48527,24.35141,2,0.00000
2.77000,7.35866,0.01001,0.01003,0.01003,0.23654,0.10187,0.22395,0.09553,0.01475,6.96641,4.58661,4.30033,148.53101,47.47654,243.57055,24.08299,2,0.00000
2.78000,7.23901,0.01001,0.01003,0.01003,0.23405,0.10161,0.22659,0.09501,0.01501,7.01703,4.60939,4.32019,145.42243,46.92489,244.40461,23.74003,2,0.00000
2.79000,7.13584,0.01001,0.01003,0.01003,0.23200,0.10151,0.22922,0.09464,0.01527,7.06588,4.63228,4.34027,142.68841,46.46896,245.19211,23.44137,2,0.00000
2.80000,7.08551,0.01001,0.01002,0.01003,0.23153,0.10214,0.23301,0.09505,0.01567,7.11358,4.65537,4.36097,140.99174,46.35933,247.12657,23.33738,2,0.00000
2.81000,7.11817,0.01001,0.01002,0.01003,0.23376,0.10392,0.23918,0.09639,0.01619,7.16148,4.68031,4.38310,140.93279,46.76153,251.40921,23.45663,2,0.00000
2.82000,7.25232,0.01001,0.01002,0.01002,0.23935,0.10730,0.24855,0.09914,0.01697,7.21157,4.70841,4.40829,142.79437,47.84149,258.69006,23.89703,2,0.00000
2.83000,7.48993,0.01001,0.01002,0.01002,0.24853,0.11250,0.26148,0.10346,0.01803,7.26610,4.74154,4.43834,146.56704,49.65779,269.07755,24.67197,2,0.00000
2.84000,7.81448,0.01001,0.01002,0.01002,0.26101,0.11952,0.27778,0.10916,0.01936,7.32726,4.78195,4.47542,151.91528,52.15334,282.02125,25.70768,2,0.00000
2.85000,8.19175,0.01001,0.01002,0.01002,0.27589,0.12823,0.29649,0.11617,0.02099,7.39678,4.83059,4.52037,158.13041,55.20305,296.15899,26.94638,2,0.00000
2.86000,8.57270,0.01001,0.01002,0.01002,0.29169,0.13793,0.31582,0.12370,0.02277,7.48443,4.89573,4.58091,164.36315,58.49920,309.69929,28.19448,2,0.00000
2.87000,8.89963,0.01001,0.01002,0.01002,0.30484,0.14569,0.33064,0.12983,0.02411,7.65265,5.02459,4.70113,170.05036,61.24394,320.67275,29.27894,2,0.00000
2.88000,9.11674,0.01001,0.01001,0.01002,0.31472,0.15220,0.34095,0.13468,0.02517,7.82148,5.15628,4.82434,173.70971,63.37952,326.83089,30.03755,2,0.00000
2.89000,9.18117,0.01001,0.01001,0.01001,0.31972,0.15658,0.34488,0.13753,0.02580,7.98418,5.28621,4.94632,174.56716,64.56995,326.69251,30.32859,2,0.00000
2.90000,9.06905,0.01001,0.01001,0.01001,0.31878,0.15815,0.34131,0.13787,0.02588,8.13416,5.40994,5.06293,172.19759,64.58217,319.59998,30.06651,2,0.00000
2.91000,8.77688,0.01001,0.01001,0.01001,0.31146,0.15650,0.33002,0.13545,0.02535,8.26583,5.52362,5.17060,166.54976,63.31368,305.75531,29.22913,2,0.00000
2.92000,8.32352,0.01001,0.01001,0.01001,0.29813,0.15164,0.31179,0.13035,0.02423,8.37501,5.62429,5.26653,157.98361,60.82591,286.22185,27.86717,2,0.00000
2.93000,7.75306,0.01001,0.01001,0.01002,0.28013,0.14412,0.28851,0.12316,0.02269,8.45925,5.70995,5.34879,147.31264,57.38142,262.89332,26.12423,2,0.00000
2.94000,7.13225,0.01001,0.01002,0.01002,0.25973,0.13499,0.26296,0.11474,0.02086,8.51804,5.77979,5.41657,135.77625,53.42732,238.32612,24.19211,2,0.00000
2.95000,6.53950,0.01001,0.01002,0.01002,0.23970,0.12568,0.23824,0.10636,0.01902,8.55284,5.83418,5.47014,124.79217,49.52579,215.19415,22.33265,2,0.00000
2.96000,6.05028,0.01001,0.01002,0.01002,0.22280,0.11767,0.21715,0.09923,0.01743,8.56690,5.87475,5.51093,115.71814,46.23106,195.83842,20.78967,2,0.00000
2.97000,5.72511,0.01001,0.01002,0.01002,0.21127,0.11216,0.20174,0.09438,0.01626,8.56503,5.90426,5.54144,109.63067,43.99288,181.90875,19.75683,2,0.00000
2.98000,5.60226,0.01001,0.01002,0.01002,0.20657,0.10997,0.19309,0.09244,0.01561,8.55311,5.92649,5.56515,107.19434,43.09805,174.21852,19.35561,2,0.00000
2.99000,5.69423,0.01001,0.01002,0.01002,0.20921,0.11144,0.19129,0.09367,0.01551,8.53765,5.94589,5.58622,108.60093,43.64533,172.74491,19.62509,2,0.00000
3.00000,5.98654,0.01001,0.01002,0.01002,0.21873,0.11638,0.19556,0.09791,0.01590,8.52511,5.96731,5.60917,113.54561,45.54116,176.69823,20.51751,2,0.00000
3.01000,6.43819,0.01001,0.01002,0.01002,0.23377,0.12419,0.20441,0.10458,0.01668,8.52106,5.99525,5.63826,121.23679,48.50877,184.63102,21.89826,2,0.00000
3.02000,6.98559,0.01001,0.01002,0.01002,0.25218,0.13384,0.21578,0.11279,0.01769,8.52921,6.03302,5.67665,130.47142,52.11789,194.61246,23.56315,2,0.00000
3.03000,7.55182,0.01001,0.01002,0.01002,0.27135,0.14409,0.22740,0.12142,0.01877,8.55068,6.08210,5.72581,139.81532,55.84758,204.52076,25.26505,2,0.00000
3.04000,8.06044,0.01001,0.01002,0.01002,0.28868,0.15363,0.23713,0.12933,0.01973,8.58389,6.14194,5.78529,147.87709,59.17698,212.41756,26.75571,2,0.00000
3.05000,8.45035,0.01001,0.01001,0.01002,0.30201,0.16137,0.24333,0.13557,0.02043,8.62504,6.21024,5.85298,153.58264,61.68350,216.89338,27.84320,2,0.00000
3.06000,8.68572,0.01001,0.01001,0.01001,0.31004,0.16653,0.24510,0.13956,0.02078,8.66926,6.28362,5.92577,156.35109,63.11176,217.26262,28.42373,2,0.00000
3.07000,8.75734,0.01001,0.01001,0.01001,0.31233,0.16881,0.24226,0.14105,0.02075,8.71151,6.35846,6.00027,156.11386,63.38753,213.54996,28.47586,2,0.00000
3.08000,8.67909,0.01001,0.01001,0.01001,0.30925,0.16826,0.23531,0.14019,0.02035,8.74751,6.43142,6.07334,153.22018,62.59767,206.33149,28.05630,2,0.00000
3.09000,8.48422,0.01001,0.01001,0.01002,0.30191,0.16534,0.22525,0.13739,0.01967,8.77407,6.49986,6.14246,148.35068,60.96767,196.60180,27.27412,2,0.00000
3.10000,8.22137,0.01001,0.01001,0.01002,0.29194,0.16084,0.21345,0.13337,0.01880,8.78948,6.56204,6.20595,142.41149,58.83001,185.61224,26.28884,2,0.00000
3.11000,7.94699,0.01001,0.01002,0.01002,0.28131,0.15577,0.20142,0.12897,0.01788,8.79346,6.61721,6.26305,136.39432,56.56922,174.67545,25.27530,2,0.00000
3.12000,7.71469,0.01001,0.01002,0.01002,0.27191,0.15112,0.19051,0.12505,0.01702,8.78704,6.66559,6.31391,131.18972,54.54431,164.91714,24.39459,2,0.00000
3.13000,7.56495,0.01001,0.01002,0.01002,0.26514,0.14768,0.18167,0.12224,0.01633,8.77225,6.70824,6.35948,127.42718,53.01984,157.08680,23.76310,2,0.00000
3.14000,7.51890,0.01001,0.01002,0.01002,0.26174,0.14589,0.17529,0.12089,0.01584,8.75163,6.74674,6.40123,125.39388,52.12660,151.47871,23.43600,2,0.00000
3.15000,7.57738,0.01001,0.01002,0.01002,0.26175,0.14581,0.17132,0.12104,0.01557,8.72789,6.78299,6.44092,125.03543,51.86189,147.97475,23.40859,2,0.00000
3.16000,7.72464,0.01001,0.01002,0.01002,0.26464,0.14722,0.16932,0.12249,0.01547,8.70337,6.81880,6.48026,126.03579,52.11860,146.16750,23.62821,2,0.00000
3.17000,7.93465,0.01001,0.01002,0.01002,0.26957,0.14972,0.16870,0.12487,0.01549,8.67983,6.85563,6.52066,127.93086,52.72979,145.51114,24.01444,2,0.00000
3.18000,8.17766,0.01001,0.01002,0.01002,0.27555,0.15284,0.16884,0.12776,0.01559,8.65829,6.89446,6.56306,130.21721,53.51191,145.45052,24.47967,2,0.00000
3.19000,8.42514,0.01001,0.01002,0.01002,0.28169,0.15612,0.16918,0.13078,0.01571,8.63903,6.93573,6.60789,132.43514,54.29391,145.50016,24.94226,2,0.00000
3.20000,8.65288,0.01001,0.01002,0.01002,0.28720,0.15917,0.16929,0.13358,0.01582,8.62167,6.97932,6.65507,134.21620,54.93528,145.28356,25.33562,2,0.00000
3.21000,8.84367,0.01001,0.01002,0.01002,0.29155,0.16169,0.16886,0.13591,0.01588,8.60541,7.02474,6.70413,135.31984,55.34018,144.55993,25.61519,2,0.00000
3.22000,8.98958,0.01001,0.01002,0.01002,0.29360,0.16286,0.16872,0.13714,0.01583,8.58924,7.07126,6.75443,135.24757,55.23583,143.82698,25.66842,2,0.00000
3.23000,9.09184,0.01001,0.01002,0.01002,0.29216,0.16174,0.17019,0.13660,0.01558,8.57216,7.11812,6.80522,133.50693,54.33063,143.88373,25.37722,2,0.00000
3.24000,9.15743,0.01001,0.01002,0.01002,0.28972,0.16014,0.17103,0.13565,0.01529,8.55331,7.16448,6.85572,131.28170,53.25868,143.36485,25.00327,2,0.00000
3.25000,9.19474,0.01001,0.01002,0.01002,0.28656,0.15821,0.17139,0.13439,0.01499,8.53211,7.20975,6.90535,128.72954,52.07611,142.40111,24.57450,2,0.00000
3.26000,9.21068,0.01001,0.01002,0.01002,0.28292,0.15604,0.17137,0.13294,0.01467,8.50819,7.25352,6.95369,125.97565,50.82708,141.10272,24.11248,2,0.00000
3.27000,9.20939,0.01001,0.01002,0.01002,0.27892,0.15372,0.17104,0.13136,0.01434,8.48137,7.29544,7.00042,123.09752,49.53858,139.54054,23.63062,2,0.00000
3.28000,9.19195,0.01001,0.01002,0.01002,0.27464,0.15125,0.17041,0.12965,0.01401,8.45153,7.33527,7.04529,120.12777,48.22054,137.74196,23.13361,2,0.00000
3.29000,9.15756,0.01001,0.01002,0.01002,0.27005,0.14862,0.16947,0.12781,0.01368,8.41862,7.37274,7.08801,117.07177,46.87319,135.70771,22.62194,2,0.00000
3.30000,9.10607,0.01001,0.01002,0.01002,0.26516,0.14582,0.16822,0.12585,0.01333,8.38257,7.40762,7.12834,113.94461,45.49927,133.44788,22.09641,2,0.00000
3.31000,9.03991,0.01001,0.01002,0.01002,0.26006,0.14290,0.16668,0.12378,0.01299,8.34338,7.43963,7.16601,110.78672,44.11348,131.00799,21.56510,2,0.00000
3.32000,8.96352,0.01001,0.01002,0.01002,0.25488,0.13991,0.16495,0.12167,0.01265,8.30116,7.46874,7.20095,107.66157,42.73742,128.46126,21.03692,2,0.00000
3.33000,8.88090,0.01001,0.01002,0.01002,0.24972,0.13691,0.16310,0.11957,0.01232,8.25604,7.49472,7.23293,104.61564,41.39006,125.87250,20.52236,2,0.00000
3.34000,8.79344,0.01001,0.01002,0.01002,0.24464,0.13393,0.16115,0.11750,0.01199,8.20826,7.51757,7.26192,101.66337,40.07739,123.27062,20.02367,2,0.00000
3.35000,8.69860,0.01001,0.01002,0.01002,0.23957,0.13093,0.15908,0.11541,0.01167,8.15802,7.53742,7.28806,98.77758,38.78783,120.63179,19.53341,2,0.00000
3.36000,8.58942,0.01001,0.01002,0.01003,0.23431,0.12781,0.15675,0.11323,0.01135,8.10547,7.55427,7.31141,95.88109,37.49263,117.86982,19.03838,2,0.00000
3.37000,8.45431,0.01001,0.01003,0.01003,0.22858,0.12439,0.15398,0.11080,0.01100,8.05060,7.56846,7.33232,92.86045,36.14503,114.84101,18.51339,2,0.00000
3.38000,8.27790,0.01002,0.01003,0.01003,0.22198,0.12045,0.15045,0.10793,0.01062,7.99323,7.58025,7.35119,89.56933,34.68571,111.34747,17.93033,2,0.00000
3.39000,8.04323,0.01002,0.01004,0.01005,0.21414,0.11579,0.14590,0.10444,0.01017,7.94040,7.60064,7.37933,85.89531,33.06769,107.22182,17.26432,3,0.00000
3.40000,7.73603,0.01002,0.01006,0.01007,0.20476,0.11020,0.14007,0.10013,0.00965,7.89422,7.63222,7.41885,81.74110,31.24580,102.30246,16.49159,3,0.00000
3.41000,7.35034,0.01002,0.01012,0.01013,0.19358,0.10353,0.13271,0.09493,0.00903,7.84456,7.68731,7.48446,77.03586,29.18877,96.44884,15.60301,3,0.00000
3.42000,6.89404,0.01002,0.01003,0.01003,0.18095,0.09563,0.12398,0.08837,0.00833,7.78504,7.62716,7.42236,71.93786,26.86179,89.79745,14.52741,3,0.00000
3.43000,6.39262,0.01002,0.01004,0.01004,0.16732,0.08716,0.11422,0.08153,0.00757,7.72078,7.62513,7.42708,66.63044,24.45220,82.61285,13.44070,3,0.00000
3.44000,5.88973,0.01002,0.01004,0.01004,0.15389,0.07861,0.10427,0.07462,0.00681,7.64957,7.61289,7.42145,61.55554,22.08428,75.46818,12.37308,3,0.00000
3.45000,5.44312,0.01004,0.01024,0.01026,0.14196,0.07104,0.09516,0.06872,0.00612,7.58364,7.74193,7.56681,57.20128,20.03940,69.06169,11.49579,3,0.00000
3.46000,5.11581,0.01003,0.01015,0.01016,0.13307,0.06468,0.08795,0.06375,0.00557,7.49199,7.63827,7.46632,54.14632,18.36129,64.12599,10.78622,3,0.00000
3.47000,4.96467,0.01003,0.01010,0.01010,0.12844,0.06058,0.08366,0.06088,0.00522,7.40268,7.55506,7.38660,52.85492,17.33395,61.35409,10.43386,3,0.00000
3.48000,5.03115,0.01003,0.01007,0.01008,0.12880,0.05928,0.08288,0.06060,0.00509,7.31609,7.49507,7.33135,53.62733,17.10273,61.17573,10.52715,3,0.00000
3.49000,5.33582,0.01003,0.01006,0.01007,0.13446,0.06097,0.08593,0.06313,0.00520,7.23410,7.44524,7.28663,56.58049,17.72328,63.80072,11.10164,3,0.00000
3.50000,5.87301,0.01002,0.01006,0.01006,0.14520,0.06562,0.09277,0.06842,0.00555,7.16102,7.40680,7.25336,61.58071,19.17464,69.17061,12.14479,3,0.00000
3.51000,6.60421,0.01002,0.01005,0.01006,0.16019,0.07291,0.10299,0.07613,0.00611,7.10126,7.38193,7.23344,68.17945,21.33598,76.90624,13.57798,3,0.00000
3.52000,7.45626,0.01002,0.01006,0.01006,0.17801,0.08223,0.11579,0.08561,0.00685,7.05807,7.37726,7.23366,75.60825,23.98115,86.29119,15.25141,3,0.00000
3.53000,8.33004,0.01002,0.01007,0.01007,0.19678,0.09271,0.13007,0.09597,0.00769,7.03274,7.40123,7.26283,82.88780,26.79649,96.34267,16.96015,3,0.00000
3.54000,9.11740,0.01002,0.01011,0.01012,0.21442,0.10333,0.14449,0.10615,0.00859,7.02473,7.46658,7.33439,89.01033,29.43389,105.93465,18.48491,3,0.00000
3.55000,9.71911,0.01002,0.01019,0.01020,0.22892,0.11293,0.15759,0.11505,0.00945,7.03155,7.56761,7.44204,93.13580,31.54598,113.94811,19.62438,3,0.00000
3.56000,10.05800,0.01002,0.01013,0.01014,0.23849,0.12017,0.16786,0.12146,0.01018,7.03992,7.58262,7.45872,94.70563,32.79889,119.36672,20.20029,3,0.00000
3.57000,10.08570,0.01002,0.01005,0.01005,0.24178,0.12410,0.17392,0.12454,0.01069,7.05020,7.58365,7.45975,93.49135,33.02223,121.42974,20.14436,3,0.00000
3.58000,9.78660,0.01002,0.01003,0.01004,0.23793,0.12401,0.17460,0.12383,0.01088,7.05814,7.63223,7.51176,89.56290,32.15944,119.66528,19.46849,3,0.00000
3.59000,9.18227,0.01002,0.01003,0.01003,0.22692,0.11946,0.16932,0.11905,0.01069,7.05719,7.68141,7.56565,83.29249,30.24014,114.04254,18.22465,3,0.00000
3.60000,8.33279,0.01002,0.01004,0.01004,0.20969,0.11077,0.15836,0.11058,0.01011,7.04402,7.72721,7.61734,75.31803,27.45269,105.06947,16.54260,3,0.00000
3.61000,7.32927,0.01002,0.01008,0.01009,0.18813,0.09894,0.14295,0.09943,0.00919,7.01834,7.78304,7.68068,66.44392,24.11412,93.73879,14.60890,3,0.00000
3.62000,6.27786,0.01002,0.01003,0.01003,0.16485,0.08513,0.12513,0.08658,0.00808,6.97481,7.75039,7.65125,57.57171,20.50618,81.41752,12.56695,3,0.00000
3.63000,5.28162,0.01002,0.01004,0.01004,0.14225,0.07141,0.10701,0.07400,0.00691,6.91951,7.74443,7.65163,49.40267,17.08862,69.36100,10.67573,3,0.00000
3.64000,4.42634,0.01007,0.01042,0.01043,0.12250,0.05982,0.09066,0.06339,0.00584,6.88477,8.00646,7.92582,42.53159,14.28961,58.75772,9.14321,3,0.00000
3.65000,3.77320,0.01004,0.01022,0.01023,0.10740,0.04980,0.07769,0.05437,0.00499,6.78374,7.81577,7.73862,37.43774,11.92177,50.50137,7.87656,3,0.00000
3.66000,3.35600,0.01003,0.01011,0.01011,0.09777,0.04292,0.06913,0.04841,0.00441,6.69550,7.67717,7.60393,34.32432,10.32601,45.16988,7.06907,3,0.00000
3.67000,3.17906,0.01003,0.01007,0.01007,0.09361,0.03946,0.06514,0.04575,0.00413,6.61125,7.59287,7.52436,33.15174,9.55519,42.83741,6.74599,3,0.00000
3.68000,3.21611,0.01003,0.01007,0.01007,0.09422,0.03910,0.06525,0.04604,0.00411,6.52855,7.53174,7.46837,33.66946,9.53427,43.19879,6.85846,3,0.00000
3.69000,3.41475,0.01003,0.01006,0.01006,0.09843,0.04104,0.06856,0.04858,0.00429,6.45040,7.47467,7.41621,35.45353,10.06850,45.66192,7.30250,3,0.00000
3.70000,3.70791,0.01003,0.01006,0.01006,0.10474,0.04441,0.07385,0.05251,0.00461,6.37929,7.42352,7.36966,37.95430,10.94373,49.41962,7.94838,3,0.00000
3.71000,4.02677,0.01003,0.01006,0.01006,0.11167,0.04832,0.07990,0.05694,0.00498,6.31649,7.37962,7.33003,40.61469,11.93594,53.63305,8.65690,3,0.00000
3.72000,4.31045,0.01003,0.01007,0.01007,0.11791,0.05207,0.08557,0.06110,0.00533,6.26197,7.35156,7.30622,42.93713,12.86651,57.52085,9.30355,3,0.00000
3.73000,4.51168,0.01003,0.01007,0.01007,0.12247,0.05489,0.08999,0.06430,0.00561,6.21480,7.33023,7.28880,44.56664,13.54533,60.49264,9.78271,3,0.00000
3.74000,4.60006,0.01003,0.01007,0.01007,0.12470,0.05628,0.09251,0.06606,0.00579,6.17282,7.30415,7.26621,45.27891,13.85189,62.12265,10.02463,3,0.00000
3.75000,4.56297,0.01003,0.01008,0.01008,0.12420,0.05618,0.09268,0.06617,0.00582,6.13418,7.29489,7.26063,44.97057,13.78294,62.14296,10.00805,3,0.00000
3.76000,4.40418,0.01003,0.01007,0.01007,0.12105,0.05432,0.09046,0.06454,0.00570,6.09581,7.27049,7.23952,43.71177,13.28448,60.57240,9.72929,3,0.00000
3.77000,4.14083,0.01003,0.01007,0.01007,0.11552,0.05095,0.08600,0.06134,0.00544,6.05611,7.24456,7.21682,41.63958,12.43440,57.54297,9.22750,3,0.00000
3.78000,3.79946,0.01003,0.01006,0.01006,0.10818,0.04632,0.07974,0.05689,0.00505,6.01343,7.21041,7.18578,38.98144,11.29462,53.37102,8.55417,3,0.00000
3.79000,3.41058,0.01003,0.01006,0.01006,0.09967,0.04084,0.07223,0.05159,0.00458,5.96653,7.17485,7.15324,35.97907,9.96940,48.42982,7.77350,3,0.00000
3.80000,3.00255,0.01004,0.01007,0.01007,0.09061,0.03503,0.06401,0.04585,0.00406,5.91455,7.13626,7.11767,32.84171,8.57680,43.06656,6.94294,3,0.00000
3.81000,2.59746,0.01004,0.01013,0.01013,0.08146,0.02954,0.05550,0.04001,0.00350,5.85796,7.12573,7.11013,29.71459,7.27015,37.53727,6.10769,3,0.00000
3.82000,2.21107,0.01004,0.01010,0.01010,0.07271,0.02400,0.04721,0.03425,0.00297,5.79459,7.04253,7.02940,26.76164,5.95265,32.15110,5.28636,3,0.00000
3.83000,1.85431,0.01004,0.01010,0.01011,0.06461,0.01896,0.03939,0.02880,0.00246,5.72661,6.97074,6.95990,24.05290,4.74716,27.05959,4.51031,3,0.00000
3.84000,1.53346,0.01005,0.01050,0.01050,0.05607,0.01760,0.03142,0.02457,0.00191,5.65555,7.15506,7.14676,21.16463,4.46017,21.81136,3.91533,3,0.00000
3.85000,1.25029,0.01005,0.01032,0.01032,0.04957,0.01387,0.02482,0.01978,0.00149,5.57392,6.93619,6.92939,19.01384,3.56383,17.44049,3.21851,3,0.00000
3.86000,1.00460,0.01005,0.01018,0.01018,0.04290,0.01207,0.01882,0.01605,0.00105,5.49017,6.73616,6.73077,16.76103,3.15034,13.40245,2.67348,3,0.00000
3.87000,0.79763,0.01007,0.01122,0.01122,0.03442,0.01242,0.01565,0.01488,0.00052,5.41009,7.29470,7.29038,13.72817,3.30165,11.31735,2.54566,3,0.00000
3.88000,0.63258,0.01005,0.01071,0.01071,0.02780,0.01122,0.01279,0.01258,0.00011,5.30162,6.82481,6.82143,11.34022,3.04105,9.40211,2.21675,3,0.00000
3.89000,0.51299,0.01007,0.01124,0.01124,0.02421,0.01026,0.01069,0.01071,-0.00015,5.20994,7.01069,7.00711,10.12566,2.84265,8.00254,1.95043,3,0.00000
3.90000,0.44274,0.01007,0.01097,0.01097,0.01801,0.01035,0.01064,0.01067,-0.00052,5.13093,6.71594,6.71278,7.83022,2.96715,8.19464,2.04100,3,0.00000
3.91000,0.42717,0.01007,0.01114,0.01114,0.01539,0.01037,0.01062,0.01066,-0.00072,5.07967,6.74065,6.73704,7.00968,3.09927,8.46601,2.14355,3,0.00000
3.92000,0.47149,0.01007,0.01109,0.01109,0.01576,0.01036,0.01061,0.01066,-0.00071,5.03218,6.63009,6.62597,7.48148,3.21554,8.73510,2.22554,3,0.00000
3.93000,0.57666,0.01007,0.01110,0.01110,0.01921,0.01030,0.01056,0.01060,-0.00057,4.98958,6.55364,6.54863,9.45947,3.30743,8.94509,2.28102,3,0.00000
3.94000,0.73798,0.01005,0.01450,0.01450,0.02546,0.01097,0.01202,0.01216,-0.00036,4.93573,8.46396,8.45498,12.95322,3.63095,10.45474,2.68397,3,0.00000
3.95000,0.94800,0.01007,0.01056,0.01056,0.03155,0.01026,0.01074,0.01074,-0.00006,4.91179,6.09945,6.09199,16.53917,3.49447,9.56375,2.42353,3,0.00000
3.96000,1.19879,0.01006,0.01075,0.01075,0.03628,0.01119,0.01301,0.01288,0.00011,4.87552,6.14067,6.13265,19.55353,3.91203,11.84980,2.96516,3,0.00000
3.97000,1.48089,0.01007,0.01028,0.01029,0.04503,0.01071,0.01367,0.01295,0.00043,4.85031,5.81756,5.80746,24.89890,3.83870,12.70307,3.03762,3,0.00000
3.98000,1.78309,0.01006,0.01028,0.01028,0.05097,0.01118,0.01622,0.01478,0.00062,4.82646,5.75881,5.74680,28.86764,4.10049,15.35769,3.52836,3,0.00000
3.99000,2.09552,0.01006,0.01029,0.01029,0.05660,0.01161,0.01900,0.01666,0.00078,4.80723,5.71459,5.70040,32.80229,4.35464,18.31382,4.04342,3,0.00000
4.00000,2.41290,0.01006,0.01031,0.01031,0.06156,0.01236,0.02188,0.01874,0.00091,4.79223,5.68250,5.66605,36.45758,4.73488,21.43459,4.62241,3,0.00000
4.01000,2.73398,0.01006,0.01034,0.01034,0.06645,0.01297,0.02469,0.02068,0.00103,4.78158,5.65824,5.63928,40.19008,5.06964,24.57107,5.18339,3,0.00000
4.02000,3.05973,0.01006,0.01042,0.01042,0.07078,0.01429,0.02727,0.02280,0.00112,4.77441,5.66128,5.64002,43.67700,5.69653,27.53471,5.80432,3,0.00000
4.03000,3.39296,0.01006,0.01046,0.01047,0.07522,0.01550,0.02977,0.02477,0.00120,4.77117,5.64996,5.62622,47.32800,6.29581,30.47977,6.40054,3,0.00000
4.04000,3.73762,0.01006,0.01046,0.01047,0.08039,0.01544,0.03261,0.02648,0.00131,4.77264,5.61953,5.59231,51.53866,6.38879,33.82404,6.94634,3,0.00000
4.05000,4.09597,0.01006,0.01052,0.01052,0.08518,0.01636,0.03519,0.02843,0.00140,4.77714,5.61937,5.58917,55.60275,6.89064,36.95423,7.56709,3,0.00000
4.06000,4.46561,0.01006,0.01061,0.01061,0.08978,0.01811,0.03749,0.03041,0.00147,4.78507,5.64276,5.60991,59.62586,7.75750,39.82289,8.20874,3,0.00000
4.07000,4.83961,0.01006,0.01066,0.01067,0.09450,0.01962,0.03977,0.03230,0.00154,4.79659,5.65356,5.61789,63.80408,8.54137,42.70006,8.84014,3,0.00000
4.08000,5.20881,0.01007,0.01072,0.01073,0.09932,0.02068,0.04202,0.03407,0.00161,4.81185,5.66730,5.62842,68.11223,9.13875,45.56117,9.44674,3,0.00000
4.09000,5.56387,0.01005,0.01017,0.01017,0.10446,0.01954,0.04453,0.03579,0.00169,4.82344,5.36257,5.31813,72.70189,8.76492,48.71606,10.05068,3,0.00000
4.10000,5.89632,0.01007,0.01085,0.01086,0.10831,0.02238,0.04582,0.03710,0.00173,4.85166,5.70956,5.66400,76.43413,10.17639,50.54148,10.54425,3,0.00000
4.11000,6.19990,0.01007,0.01090,0.01091,0.11218,0.02330,0.04718,0.03829,0.00177,4.87505,5.73024,5.68148,80.20323,10.73516,52.43620,11.00678,3,0.00000
4.12000,6.47254,0.01005,0.01017,0.01017,0.11610,0.02211,0.04866,0.03936,0.00181,4.89014,5.34319,5.28836,84.02650,10.30960,54.45372,11.43530,3,0.00000
4.13000,6.71796,0.01005,0.01017,0.01017,0.11935,0.02247,0.04957,0.04020,0.00184,4.91639,5.34121,5.28278,87.37068,10.60011,55.82558,11.79729,3,0.00000
4.14000,6.94563,0.01005,0.01017,0.01018,0.12229,0.02317,0.05025,0.04085,0.00186,4.94408,5.34195,5.28015,90.48681,11.04818,56.90717,12.10286,3,0.00000
4.15000,7.16825,0.01005,0.01018,0.01018,0.12537,0.02345,0.05103,0.04159,0.00188,4.97309,5.34298,5.27756,93.68522,11.29721,58.08236,12.43127,3,0.00000
4.16000,7.39698,0.01007,0.01115,0.01117,0.12822,0.02581,0.05152,0.04229,0.00189,5.01665,5.85795,5.79259,96.68863,12.55148,58.89873,12.74476,3,0.00000
4.17000,7.63622,0.01005,0.01018,0.01018,0.13205,0.02443,0.05282,0.04329,0.00194,5.03518,5.35203,5.27958,100.39747,11.98288,60.62167,13.14301,3,0.00000
4.18000,7.87967,0.01004,0.01018,0.01018,0.13562,0.02522,0.05381,0.04423,0.00198,5.06850,5.35870,5.28290,103.86179,12.46584,61.94342,13.51895,3,0.00000
4.19000,8.10886,0.01004,0.01018,0.01019,0.13920,0.02566,0.05484,0.04521,0.00202,5.10340,5.36848,5.28910,107.27472,12.77089,63.27577,13.90341,3,0.00000
4.20000,8.29480,0.01004,0.01018,0.01019,0.14220,0.02618,0.05555,0.04595,0.00205,5.13958,5.37945,5.29669,110.16766,13.10532,64.20740,14.20554,3,0.00000
4.21000,8.40248,0.01004,0.01018,0.01019,0.14419,0.02624,0.05582,0.04632,0.00207,5.17636,5.39165,5.30540,112.21895,13.20371,64.58173,14.38631,3,0.00000
4.22000,8.39718,0.01004,0.01018,0.01019,0.14455,0.02592,0.05531,0.04605,0.00206,5.21263,5.40297,5.31333,112.95161,13.10637,64.05406,14.36222,3,0.00000
4.23000,8.25115,0.01004,0.01018,0.01019,0.14278,0.02515,0.05383,0.04495,0.00201,5.24683,5.41109,5.31821,112.00795,12.77450,62.39930,14.07355,3,0.00000
4.24000,7.94997,0.01004,0.01018,0.01019,0.13863,0.02368,0.05131,0.04294,0.00192,5.27717,5.41494,5.31883,109.23361,12.09087,59.56918,13.49976,3,0.00000
4.25000,7.49912,0.01004,0.01018,0.01019,0.13216,0.02135,0.04782,0.04010,0.00180,5.30182,5.41188,5.31238,104.70514,10.97316,55.68277,12.66005,3,0.00000
4.26000,6.93003,0.01005,0.01019,0.01019,0.12349,0.01919,0.04337,0.03641,0.00163,5.31920,5.40142,5.29905,98.52651,9.93838,50.72877,11.55170,3,0.00000
4.27000,6.30208,0.01005,0.01019,0.01019,0.11370,0.01674,0.03859,0.03241,0.00145,5.32838,5.37953,5.27410,91.53377,8.75734,45.43765,10.34278,3,0.00000
4.28000,5.69728,0.01005,0.01020,0.01020,0.10392,0.01477,0.03399,0.02855,0.00127,5.32936,5.35072,5.24253,84.56553,7.82217,40.35722,9.16950,3,0.00000
4.29000,5.20810,0.01006,0.01021,0.01022,0.09557,0.01368,0.03021,0.02540,0.00113,5.32323,5.31219,5.20145,78.72721,7.34217,36.22249,8.21459,3,0.00000
4.30000,4.92203,0.01006,0.01062,0.01064,0.08957,0.01474,0.02765,0.02375,0.00102,5.31354,5.47420,5.36415,74.75004,8.02572,33.51126,7.73805,3,0.00000
4.31000,4.90868,0.01006,0.01061,0.01063,0.08846,0.01498,0.02743,0.02356,0.00101,5.30031,5.41096,5.29867,74.78171,8.27375,33.61013,7.73123,3,0.00000
4.32000,5.21190,0.01007,0.01065,0.01068,0.09257,0.01595,0.02937,0.02505,0.00108,5.28925,5.37834,5.26380,79.19718,8.93166,36.35872,8.27224,3,0.00000
4.33000,5.84419,0.01006,0.01021,0.01021,0.10279,0.01601,0.03390,0.02820,0.00126,5.28034,5.10686,4.98626,88.85832,9.07536,42.32435,9.36390,3,0.00000
4.34000,6.77998,0.01005,0.01020,0.01021,0.11745,0.01888,0.03982,0.03306,0.00150,5.28340,5.06828,4.94491,102.35478,10.81066,50.03669,11.02449,3,0.00000
4.35000,7.95143,0.01005,0.01020,0.01021,0.13631,0.02321,0.04693,0.03901,0.00178,5.29960,5.04672,4.92074,119.42213,13.39054,59.20638,13.04260,3,0.00000
4.36000,9.25324,0.01004,0.01022,0.01023,0.15822,0.02803,0.05489,0.04575,0.00212,5.33142,5.04910,4.92056,138.91124,16.24312,69.29420,15.31355,3,0.00000
4.37000,10.55707,0.01004,0.01023,0.01024,0.18137,0.03285,0.06310,0.05285,0.00248,5.37975,5.06909,4.93703,159.02181,19.04723,79.45902,17.67399,3,0.00000
4.38000,11.73031,0.01003,0.01027,0.01028,0.20350,0.03772,0.07083,0.05972,0.00284,5.44380,5.11798,4.98302,177.54856,21.80979,88.66771,19.91706,3,0.00000
4.39000,12.65226,0.01003,0.01025,0.01027,0.22254,0.04205,0.07757,0.06592,0.00319,5.52116,5.15792,5.01759,192.52164,24.15886,96.20927,21.88408,3,0.00000
4.40000,13.22429,0.01003,0.01029,0.01032,0.23636,0.04608,0.08262,0.07086,0.00348,5.60645,5.23679,5.09415,202.05869,26.21350,101.24746,23.37167,3,0.00000
4.41000,13.37692,0.01003,0.01028,0.01031,0.24342,0.04900,0.08559,0.07412,0.00371,5.69042,5.28911,5.14168,205.06171,27.52224,103.41163,24.24656,3,0.00000
4.42000,13.07898,0.01002,0.01026,0.01029,0.24248,0.05063,0.08595,0.07512,0.00383,5.77504,5.33792,5.18592,200.93841,28.02283,102.26037,24.34380,3,0.00000
4.43000,12.34715,0.01003,0.01024,0.01026,0.23329,0.05038,0.08342,0.07351,0.00382,5.85355,5.38398,5.22675,190.14020,27.47724,97.79795,23.59241,3,0.00000
4.44000,11.24683,0.01003,0.01021,0.01023,0.21643,0.04813,0.07796,0.06916,0.00365,5.91933,5.40891,5.24706,173.84563,25.91564,90.25037,21.99597,3,0.00000
4.45000,9.88119,0.01003,0.01018,0.01019,0.19349,0.04381,0.06994,0.06234,0.00334,5.96699,5.41887,5.25257,153.83920,23.38511,80.27881,19.69509,3,0.00000
4.46000,8.37573,0.01003,0.01016,0.01017,0.16673,0.03786,0.06013,0.05375,0.00290,5.99306,5.41086,5.24046,132.02688,20.15842,68.81128,16.93034,3,0.00000
4.47000,6.86560,0.01004,0.01015,0.01016,0.13882,0.03124,0.04966,0.04445,0.00241,5.99650,5.38187,5.20838,110.23113,16.69887,56.98078,14.01217,3,0.00000
4.48000,5.48625,0.01005,0.01015,0.01016,0.11255,0.02510,0.03978,0.03562,0.00194,5.97883,5.33606,5.16082,90.17620,13.55610,46.01289,11.27712,3,0.00000
4.49000,4.36334,0.01006,0.01056,0.01059,0.08991,0.02176,0.03154,0.02859,0.00151,5.94730,5.47634,5.30942,72.99346,11.92159,36.91503,9.11219,3,0.00000
4.50000,3.59860,0.01007,0.01037,0.01039,0.07454,0.01861,0.02617,0.02376,0.00125,5.89653,5.29432,5.12393,61.43635,10.36880,31.05636,7.62572,3,0.00000
4.51000,3.25415,0.01008,0.01032,0.01034,0.06688,0.01784,0.02391,0.02180,0.00113,5.83873,5.16966,4.99913,55.94796,10.10823,28.78125,7.04327,3,0.00000
4.52000,3.34454,0.01008,0.01033,0.01035,0.06814,0.01859,0.02470,0.02235,0.00119,5.77940,5.07912,4.90783,57.75794,10.69310,30.11644,7.25869,3,0.00000
4.53000,3.84132,0.01008,0.01040,0.01043,0.07735,0.02149,0.02827,0.02543,0.00138,5.72356,5.01760,4.84758,66.24289,12.51855,34.84175,8.29039,3,0.00000
4.54000,4.68262,0.01007,0.01059,0.01064,0.09323,0.02677,0.03424,0.03098,0.00169,5.67705,5.01901,4.85755,80.41284,15.75163,42.52020,10.11488,3,0.00000
4.55000,5.77895,0.01009,0.01091,0.01097,0.11625,0.03228,0.04202,0.03779,0.00214,5.65765,5.09651,4.93223,100.61497,19.11249,52.42685,12.32881,3,0.00000
4.56000,7.01813,0.01004,0.01015,0.01016,0.14321,0.03838,0.05097,0.04571,0.00269,5.62407,4.68885,4.51190,123.93660,22.79524,63.66345,14.87988,3,0.00000
4.57000,8.27596,0.01004,0.01016,0.01018,0.17192,0.04604,0.06047,0.05469,0.00329,5.63177,4.65976,4.48177,148.25464,27.33011,75.37794,17.72636,3,0.00000
4.58000,9.43268,0.01003,0.01018,0.01020,0.20027,0.05404,0.06980,0.06380,0.00394,5.65999,4.65045,4.47106,171.55040,31.96278,86.56631,20.55912,3,0.00000
4.59000,10.38924,0.01003,0.01021,0.01024,0.22603,0.06199,0.07833,0.07248,0.00460,5.70672,4.66610,4.48459,191.77775,36.42536,96.38642,23.18693,3,0.00000
4.60000,11.07744,0.01002,0.01022,0.01026,0.24729,0.06954,0.08549,0.08020,0.00524,5.76846,4.68758,4.50389,207.31793,40.49265,104.15627,25.43882,3,0.00000
4.61000,11.46198,0.01002,0.01025,0.01029,0.26275,0.07621,0.09089,0.08651,0.00582,5.84122,4.72562,4.53810,217.23779,43.88811,109.47484,27.17885,3,0.00000
4.62000,11.53830,0.01002,0.01026,0.01030,0.27160,0.08165,0.09426,0.09104,0.00630,5.91990,4.76331,4.57242,221.16661,46.43315,112.13204,28.30939,3,0.00000
4.63000,11.33120,0.01002,0.01027,0.01031,0.27282,0.08475,0.09681,0.09304,0.00662,5.99971,4.80161,4.60663,218.70396,47.56997,113.98039,28.62861,3,0.00000
4.64000,10.89304,0.01002,0.01026,0.01031,0.26719,0.08546,0.09849,0.09258,0.00677,6.07595,4.83471,4.63507,210.90958,47.34711,115.01375,28.18909,3,0.00000
4.65000,10.29622,0.01002,0.01026,0.01030,0.25696,0.08459,0.09830,0.09043,0.00678,6.14473,4.85983,4.65570,199.94231,46.30788,113.94297,27.26226,3,0.00000
4.66000,9.61972,0.01002,0.01005,0.01006,0.24386,0.08241,0.09664,0.08703,0.00669,6.20265,4.78382,4.56163,187.35543,44.64619,111.33648,26.00249,3,0.00000
4.67000,8.93570,0.01002,0.01005,0.01006,0.22981,0.07961,0.09419,0.08304,0.00653,6.25012,4.79569,4.56987,174.69250,42.76387,108.01442,24.61619,3,0.00000
4.68000,8.30082,0.01002,0.01006,0.01006,0.21625,0.07660,0.09150,0.07898,0.00634,6.28644,4.79846,4.56958,162.99162,40.87590,104.62484,23.25776,3,0.00000
4.69000,7.75275,0.01002,0.01006,0.01006,0.20430,0.07378,0.08911,0.07528,0.00616,6.31268,4.79273,4.56158,152.97830,39.19077,101.73631,22.05054,3,0.00000
4.70000,7.30993,0.01002,0.01006,0.01006,0.19461,0.07146,0.08738,0.07223,0.00603,6.33058,4.77974,4.54671,145.00878,37.83968,99.74695,21.06438,3,0.00000
4.71000,6.97376,0.01002,0.01006,0.01006,0.18740,0.06979,0.08653,0.06995,0.00595,6.34217,4.76173,4.52762,139.10695,36.87835,98.85713,20.32350,3,0.00000
4.72000,6.73238,0.01003,0.01006,0.01006,0.18249,0.06875,0.08661,0.06840,0.00592,6.34940,4.73838,4.50221,135.04925,36.28154,99.09208,19.80988,3,0.00000
4.73000,6.56606,0.01003,0.01006,0.01006,0.17945,0.06827,0.08752,0.06749,0.00595,6.35398,4.71305,4.47556,132.44642,35.99455,100.32428,19.48647,3,0.00000
4.74000,6.45335,0.01003,0.01006,0.01007,0.17779,0.06822,0.08912,0.06706,0.00603,6.35724,4.68729,4.44935,130.88026,35.93591,102.36915,19.30361,3,0.00000
4.75000,6.37716,0.01003,0.01006,0.01007,0.17710,0.06847,0.09128,0.06696,0.00614,6.36012,4.66136,4.42298,130.01635,36.03322,105.06930,19.21749,3,0.00000
4.76000,6.32914,0.01002,0.01006,0.01006,0.17718,0.06895,0.09397,0.06711,0.00628,6.36329,4.63179,4.39128,129.69947,36.24152,108.37724,19.19771,3,0.00000
4.77000,6.31094,0.01002,0.01007,0.01008,0.17808,0.06974,0.09723,0.06761,0.00646,6.36734,4.60927,4.36943,129.93974,36.59980,112.35129,19.27478,3,0.00000
4.78000,6.33186,0.01002,0.01007,0.01007,0.18012,0.07088,0.10130,0.06848,0.00670,6.37296,4.58190,4.34037,130.94830,37.12904,117.24944,19.45035,3,0.00000
4.79000,6.40348,0.01002,0.01007,0.01008,0.18364,0.07256,0.10643,0.06992,0.00700,6.38101,4.55990,4.31780,132.94008,37.91703,123.34454,19.77951,3,0.00000
4.80000,6.53330,0.01002,0.01010,0.01013,0.18887,0.07492,0.11285,0.07208,0.00738,6.39252,4.55353,4.31382,136.05585,39.02734,130.88296,20.29889,3,0.00000
4.81000,6.71975,0.01002,0.01012,0.01014,0.19586,0.07790,0.12072,0.07486,0.00787,6.40876,4.54181,4.30172,140.27025,40.42198,140.00501,20.97673,3,0.00000
4.82000,6.95039,0.01002,0.01016,0.01021,0.20425,0.08152,0.12994,0.07829,0.00844,6.43081,4.55155,4.31380,145.28892,42.09085,150.55431,21.81426,3,0.00000
4.83000,7.20304,0.01002,0.01025,0.01031,0.21344,0.08558,0.14022,0.08216,0.00909,6.45968,4.58267,4.34892,150.63338,43.91933,162.15538,22.74692,3,0.00000
4.84000,7.44870,0.01005,0.01018,0.01019,0.22277,0.08936,0.15129,0.08553,0.00978,6.51629,4.54848,4.29622,155.81776,45.53729,174.41952,23.51254,3,0.00000
4.85000,7.65481,0.01002,0.01004,0.01004,0.23080,0.09314,0.16194,0.08902,0.01048,6.53488,4.49147,4.23325,159.84050,47.08195,185.93409,24.28660,3,0.00000
4.86000,7.78876,0.01002,0.01004,0.01004,0.23686,0.09626,0.17176,0.09183,0.01112,6.58098,4.49961,4.23812,162.29327,48.23281,196.20838,24.84722,3,0.00000
4.87000,7.82259,0.01001,0.01010,0.01013,0.23983,0.09845,0.17966,0.09388,0.01168,6.63033,4.54073,4.28586,162.51251,48.87430,204.04757,25.18317,3,0.00000
4.88000,7.73936,0.01001,0.01005,0.01007,0.23928,0.09906,0.18505,0.09415,0.01207,6.68082,4.53569,4.27259,160.33186,48.71652,208.85939,25.03818,3,0.00000
4.89000,7.53849,0.01001,0.01005,0.01006,0.23496,0.09820,0.18735,0.09306,0.01226,6.72978,4.54926,4.28284,155.74433,47.85417,210.15076,24.53910,3,0.00000
4.90000,7.23625,0.01001,0.01003,0.01003,0.22738,0.09577,0.18668,0.09034,0.01220,6.77490,4.55399,4.28020,149.21656,46.27998,208.18424,23.63125,3,0.00000
4.91000,6.86125,0.01001,0.01003,0.01003,0.21716,0.09222,0.18330,0.08674,0.01200,6.81416,4.56356,4.28728,141.25747,44.23998,203.39384,22.52676,3,0.00000
4.92000,6.44889,0.01001,0.01003,0.01003,0.20545,0.08786,0.17803,0.08242,0.01167,6.84634,4.56856,4.29017,132.65679,41.89422,196.77335,21.27516,3,0.00000
4.93000,6.03699,0.01002,0.01003,0.01004,0.19344,0.08317,0.17185,0.07787,0.01126,6.87096,4.56841,4.28832,124.16653,39.47226,189.43440,19.99789,3,0.00000
4.94000,5.66196,0.01002,0.01004,0.01004,0.18230,0.07866,0.16585,0.07355,0.01085,6.88839,4.56315,4.28175,116.48737,37.20201,182.55215,18.81308,3,0.00000
4.95000,5.35425,0.01002,0.01004,0.01004,0.17303,0.07477,0.16106,0.06988,0.01051,6.89974,4.55342,4.27100,110.18876,35.27828,177.20536,17.82021,3,0.00000
4.96000,5.13366,0.01002,0.01004,0.01004,0.16630,0.07183,0.15828,0.06716,0.01029,6.90670,4.54030,4.25710,105.62510,33.83071,174.20399,17.08384,3,0.00000
4.97000,5.00596,0.01002,0.01004,0.01004,0.16233,0.06995,0.15792,0.06549,0.01023,6.91121,4.52519,4.24132,102.87502,32.90191,173.94490,16.62367,3,0.00000
4.98000,4.96222,0.01002,0.01004,0.01004,0.16088,0.06907,0.15997,0.06480,0.01033,6.91525,4.50952,4.22501,101.73340,32.44361,176.34669,16.41258,3,0.00000
4.99000,4.98119,0.01002,0.01004,0.01004,0.16132,0.06894,0.16398,0.06485,0.01055,6.92042,4.49455,4.20934,101.75990,32.33253,180.87606,16.38557,3,0.00000
5.00000,5.03327,0.01002,0.01004,0.01004,0.16274,0.06921,0.16918,0.06528,0.01084,6.92781,4.48120,4.19518,102.36318,32.39532,186.64270,16.45159,3,0.00000
