time,rep_index,elbow_moment_Nm,task_failure,a0_BIClong,afat_BIClong,MF_BIClong,cap_BIClong,a0_BICshort,afat_BICshort,MF_BICshort,cap_BICshort,a0_BRA,afat_BRA,MF_BRA,cap_BRA,a0_BRD_hand,afat_BRD_hand,MF_BRD_hand,cap_BRD_hand
0.00000,1,4.92053,0,0.16979,0.26691,0.00243,1.00000,0.07975,0.20081,0.00183,1.00000,0.19033,0.05058,0.00046,1.00000,0.07226,0.14729,0.00134,1.00000
0.01000,1,4.95323,0,0.17084,0.26941,0.00489,0.99998,0.08018,0.20271,0.00368,0.99998,0.19193,0.05056,0.00092,1.00000,0.07264,0.14869,0.00270,0.99999
0.02000,1,4.97975,0,0.17169,0.27165,0.00737,0.99995,0.08058,0.20440,0.00554,0.99996,0.19332,0.05047,0.00138,0.99999,0.07303,0.14992,0.00407,0.99997
0.03000,1,4.99436,0,0.17219,0.27327,0.00986,0.99993,0.08081,0.20565,0.00742,0.99994,0.19432,0.05028,0.00184,0.99999,0.07323,0.15084,0.00544,0.99996
0.04000,1,4.99237,0,0.17216,0.27401,0.01236,0.99990,0.08081,0.20622,0.00930,0.99993,0.19472,0.04990,0.00230,0.99998,0.07322,0.15125,0.00682,0.99995
0.05000,1,4.97078,0,0.17149,0.27359,0.01485,0.99988,0.08051,0.20596,0.01118,0.99991,0.19439,0.04936,0.00275,0.99998,0.07296,0.15103,0.00820,0.99993
0.06000,1,4.92914,0,0.17016,0.27204,0.01734,0.99985,0.07991,0.20481,0.01305,0.99989,0.19329,0.04861,0.00319,0.99997,0.07242,0.15017,0.00957,0.99992
0.07000,1,4.87037,0,0.16825,0.26947,0.01979,0.99983,0.07901,0.20289,0.01490,0.99987,0.19152,0.04768,0.00362,0.99997,0.07159,0.14876,0.01093,0.99990
0.08000,1,4.80165,0,0.16597,0.26627,0.02222,0.99980,0.07795,0.20049,0.01672,0.99985,0.18928,0.04666,0.00405,0.99996,0.07068,0.14700,0.01227,0.99989
0.09000,1,4.73502,0,0.16372,0.26285,0.02462,0.99978,0.07686,0.19791,0.01853,0.99983,0.18707,0.04579,0.00447,0.99996,0.06973,0.14511,0.01359,0.99988
0.10000,1,4.68724,0,0.16205,0.26028,0.02699,0.99975,0.07600,0.19598,0.02032,0.99981,0.18551,0.04516,0.00488,0.99996,0.06900,0.14370,0.01490,0.99986
0.11000,1,4.67806,0,0.16161,0.25984,0.02936,0.99973,0.07569,0.19565,0.02210,0.99980,0.18536,0.04490,0.00529,0.99995,0.06878,0.14346,0.01621,0.99985
0.12000,1,4.72714,0,0.16306,0.26269,0.03176,0.99971,0.07625,0.19777,0.02390,0.99978,0.18739,0.04521,0.00570,0.99995,0.06934,0.14503,0.01753,0.99984
0.13000,1,4.85004,0,0.16693,0.26991,0.03422,0.99968,0.07796,0.20322,0.02576,0.99976,0.19223,0.04613,0.00612,0.99994,0.07095,0.14903,0.01889,0.99982
0.14000,1,5.05441,0,0.17356,0.28210,0.03679,0.99966,0.08092,0.21244,0.02769,0.99974,0.20032,0.04773,0.00656,0.99994,0.07361,0.15576,0.02031,0.99981
0.15000,1,5.33699,0,0.18287,0.29906,0.03952,0.99963,0.08527,0.22530,0.02975,0.99972,0.21156,0.05010,0.00701,0.99993,0.07751,0.16515,0.02182,0.99980
0.16000,1,5.68207,0,0.19455,0.32020,0.04244,0.99960,0.09075,0.24130,0.03195,0.99970,0.22566,0.05305,0.00750,0.99993,0.08206,0.17680,0.02343,0.99978
0.17000,1,6.06125,0,0.20764,0.34395,0.04557,0.99958,0.09731,0.25939,0.03431,0.99968,0.24137,0.05643,0.00801,0.99993,0.08773,0.18990,0.02516,0.99977
0.18000,1,6.43460,0,0.22065,0.36726,0.04892,0.99954,0.10390,0.27715,0.03684,0.99966,0.25678,0.05990,0.00856,0.99992,0.09340,0.20272,0.02701,0.99975
0.19000,1,6.75360,0,0.23199,0.38757,0.05246,0.99951,0.10978,0.29262,0.03951,0.99963,0.26988,0.06281,0.00913,0.99991,0.09839,0.21386,0.02896,0.99973
0.20000,1,6.96669,0,0.24013,0.40220,0.05612,0.99948,0.11434,0.30385,0.04228,0.99960,0.27886,0.06477,0.00972,0.99991,0.10210,0.22187,0.03098,0.99971
0.21000,1,7.02819,0,0.24345,0.40748,0.05984,0.99944,0.11676,0.30799,0.04509,0.99958,0.28178,0.06584,0.01032,0.99990,0.10382,0.22474,0.03303,0.99969
0.22000,1,6.90842,0,0.24080,0.39819,0.06347,0.99940,0.11639,0.30110,0.04784,0.99955,0.27732,0.06760,0.01094,0.99990,0.10303,0.21949,0.03503,0.99967
0.23000,1,6.60025,0,0.23175,0.37801,0.06692,0.99937,0.11290,0.28592,0.05044,0.99952,0.26513,0.06722,0.01155,0.99989,0.09949,0.20828,0.03693,0.99965
0.24000,1,6.11997,0,0.21666,0.34792,0.07009,0.99933,0.10634,0.26322,0.05284,0.99950,0.24588,0.06463,0.01214,0.99988,0.09333,0.19162,0.03868,0.99963
0.25000,1,5.50566,0,0.19668,0.31028,0.07292,0.99930,0.09721,0.23471,0.05498,0.99947,0.22122,0.06006,0.01269,0.99988,0.08501,0.17083,0.04024,0.99961
0.26000,1,4.81583,0,0.17371,0.26690,0.07535,0.99927,0.08648,0.20183,0.05682,0.99945,0.19355,0.05494,0.01319,0.99987,0.07562,0.14688,0.04157,0.99960
0.27000,1,4.12610,0,0.15046,0.22448,0.07740,0.99925,0.07534,0.16966,0.05837,0.99943,0.16612,0.04890,0.01363,0.99987,0.06577,0.12350,0.04270,0.99958
0.28000,1,3.52060,0,0.12983,0.18772,0.07911,0.99923,0.06531,0.14177,0.05966,0.99942,0.14213,0.04308,0.01403,0.99986,0.05693,0.10326,0.04364,0.99957
0.29000,1,3.07801,0,0.11454,0.16062,0.08057,0.99921,0.05776,0.12120,0.06077,0.99940,0.12442,0.03869,0.01438,0.99986,0.05027,0.08836,0.04445,0.99956
0.30000,1,2.85654,0,0.10658,0.15036,0.08195,0.99919,0.05368,0.11334,0.06180,0.99939,0.11489,0.03678,0.01472,0.99986,0.04673,0.07732,0.04515,0.99956
0.31000,1,2.88377,0,0.10685,0.15032,0.08332,0.99918,0.05351,0.11320,0.06283,0.99938,0.11423,0.03711,0.01505,0.99985,0.04676,0.07737,0.04586,0.99955
0.32000,1,3.15470,0,0.11514,0.15975,0.08477,0.99917,0.05717,0.12019,0.06393,0.99937,0.12205,0.03979,0.01542,0.99985,0.05038,0.08794,0.04666,0.99954
0.33000,1,3.63493,0,0.13037,0.18256,0.08644,0.99915,0.06404,0.13725,0.06518,0.99936,0.13717,0.04587,0.01583,0.99985,0.05681,0.10052,0.04758,0.99953
0.34000,1,4.26410,0,0.15074,0.21403,0.08839,0.99914,0.07309,0.16083,0.06664,0.99935,0.15777,0.05341,0.01632,0.99984,0.06479,0.11787,0.04865,0.99952
0.35000,1,4.96041,0,0.17321,0.24981,0.09066,0.99912,0.08340,0.18765,0.06836,0.99933,0.18060,0.06140,0.01688,0.99984,0.07444,0.13759,0.04990,0.99951
0.36000,1,5.62977,0,0.19528,0.28532,0.09327,0.99909,0.09364,0.21436,0.07031,0.99932,0.20331,0.06905,0.01751,0.99983,0.08361,0.15717,0.05134,0.99950
0.37000,1,6.18040,0,0.21377,0.31580,0.09614,0.99907,0.10249,0.23732,0.07247,0.99930,0.22248,0.07520,0.01820,0.99982,0.09144,0.17396,0.05292,0.99949
0.38000,1,6.53900,0,0.22617,0.33523,0.09920,0.99904,0.10866,0.25203,0.07477,0.99928,0.23531,0.07979,0.01892,0.99982,0.09677,0.18465,0.05461,0.99947
0.39000,1,6.66317,0,0.23101,0.34105,0.10231,0.99901,0.11143,0.25652,0.07711,0.99925,0.24020,0.08240,0.01968,0.99981,0.09900,0.18779,0.05632,0.99945
0.40000,1,6.54597,0,0.22787,0.33450,0.10536,0.99898,0.11048,0.25169,0.07940,0.99923,0.23663,0.08200,0.02042,0.99980,0.09787,0.18412,0.05800,0.99944
0.41000,1,6.21351,0,0.21745,0.31679,0.10825,0.99895,0.10602,0.23842,0.08158,0.99921,0.22530,0.07878,0.02114,0.99980,0.09364,0.17433,0.05959,0.99942
0.42000,1,5.71991,0,0.20142,0.29006,0.11089,0.99892,0.09874,0.21833,0.08357,0.99918,0.20806,0.07351,0.02181,0.99979,0.08698,0.15960,0.06104,0.99940
0.43000,1,5.14157,0,0.18227,0.25803,0.11324,0.99889,0.08981,0.19419,0.08534,0.99916,0.18761,0.06722,0.02242,0.99978,0.07897,0.14192,0.06234,0.99939
0.44000,1,4.56900,0,0.16306,0.22655,0.11531,0.99887,0.08070,0.17043,0.08689,0.99915,0.16721,0.06060,0.02298,0.99978,0.07087,0.12461,0.06347,0.99938
0.45000,1,4.09438,0,0.14692,0.20030,0.11714,0.99885,0.07293,0.15060,0.08826,0.99913,0.15009,0.05494,0.02348,0.99977,0.06406,0.11015,0.06448,0.99937
0.46000,1,3.79610,0,0.13655,0.18338,0.11881,0.99883,0.06782,0.13778,0.08952,0.99912,0.13895,0.05131,0.02395,0.99977,0.05962,0.10086,0.06539,0.99936
0.47000,1,3.72475,0,0.13365,0.17928,0.12044,0.99881,0.06619,0.13463,0.09075,0.99910,0.13541,0.05007,0.02440,0.99976,0.05837,0.09862,0.06629,0.99935
0.48000,1,3.89592,0,0.13878,0.18687,0.12214,0.99880,0.06829,0.14024,0.09203,0.99909,0.13996,0.05209,0.02488,0.99976,0.06041,0.10284,0.06723,0.99934
0.49000,1,4.29143,0,0.15140,0.20522,0.12401,0.99878,0.07374,0.15393,0.09343,0.99908,0.15203,0.05710,0.02540,0.99975,0.06525,0.11295,0.06826,0.99933
0.50000,1,4.86497,0,0.16967,0.23191,0.12613,0.99876,0.08194,0.17384,0.09501,0.99907,0.16967,0.06440,0.02598,0.99975,0.07305,0.12767,0.06942,0.99932
0.51000,1,5.54794,0,0.19200,0.26560,0.12855,0.99874,0.09214,0.19912,0.09683,0.99905,0.19162,0.07295,0.02665,0.99974,0.08229,0.14624,0.07076,0.99931
0.52000,1,6.25632,0,0.21572,0.30198,0.13130,0.99871,0.10342,0.22648,0.09889,0.99903,0.21533,0.08201,0.02740,0.99973,0.09227,0.16626,0.07227,0.99929
0.53000,1,6.90099,0,0.23771,0.33628,0.13437,0.99869,0.11417,0.25237,0.10119,0.99901,0.23740,0.09027,0.02822,0.99973,0.10169,0.18511,0.07396,0.99928
0.54000,1,7.40185,0,0.25523,0.36433,0.13769,0.99866,0.12305,0.27357,0.10369,0.99899,0.25490,0.09664,0.02910,0.99972,0.10931,0.20052,0.07579,0.99926
0.55000,1,7.70248,0,0.26644,0.37897,0.14114,0.99862,0.12922,0.28475,0.10628,0.99896,0.26590,0.10212,0.03003,0.99971,0.11437,0.20849,0.07769,0.99924
0.56000,1,7.77942,0,0.27038,0.38190,0.14463,0.99859,0.13209,0.28717,0.10890,0.99894,0.26928,0.10505,0.03099,0.99970,0.11640,0.20999,0.07960,0.99922
0.57000,1,7.64244,0,0.26713,0.37430,0.14804,0.99855,0.13155,0.28162,0.11147,0.99891,0.26508,0.10504,0.03195,0.99969,0.11540,0.20571,0.08148,0.99920
0.58000,1,7.32940,0,0.25776,0.35788,0.15130,0.99852,0.12796,0.26939,0.11392,0.99889,0.25441,0.10239,0.03288,0.99968,0.11174,0.19663,0.08327,0.99919
0.59000,1,6.90101,0,0.24417,0.33362,0.15434,0.99849,0.12215,0.25117,0.11621,0.99886,0.23933,0.09848,0.03378,0.99967,0.10622,0.18322,0.08494,0.99917
0.60000,1,6.43516,0,0.22896,0.30674,0.15714,0.99846,0.11532,0.23094,0.11832,0.99884,0.22256,0.09382,0.03463,0.99966,0.09994,0.16838,0.08648,0.99915
0.61000,1,6.01746,0,0.21506,0.28248,0.15971,0.99843,0.10892,0.21264,0.12026,0.99882,0.20705,0.08932,0.03545,0.99965,0.09413,0.15502,0.08789,0.99914
0.62000,1,5.72774,0,0.20525,0.26458,0.16212,0.99840,0.10437,0.19907,0.12207,0.99880,0.19551,0.08631,0.03624,0.99965,0.09003,0.14515,0.08921,0.99912
0.63000,1,5.62622,0,0.20167,0.25624,0.16446,0.99838,0.10276,0.19270,0.12383,0.99878,0.18987,0.08571,0.03702,0.99964,0.08856,0.14057,0.09049,0.99911
0.64000,1,5.74346,0,0.20545,0.25858,0.16682,0.99836,0.10470,0.19437,0.12560,0.99876,0.19101,0.08821,0.03782,0.99963,0.09024,0.14183,0.09179,0.99910
0.65000,1,6.07655,0,0.21657,0.27060,0.16928,0.99833,0.11026,0.20332,0.12745,0.99874,0.19873,0.09408,0.03868,0.99962,0.09507,0.14841,0.09314,0.99908
0.66000,1,6.59124,0,0.23397,0.29070,0.17193,0.99831,0.11901,0.21835,0.12944,0.99873,0.21188,0.10294,0.03962,0.99961,0.10265,0.15941,0.09459,0.99907
0.67000,1,7.22769,0,0.25573,0.31603,0.17481,0.99828,0.13011,0.23735,0.13161,0.99871,0.22861,0.11406,0.04066,0.99960,0.11218,0.17327,0.09617,0.99905
0.68000,1,7.90760,0,0.27930,0.34304,0.17794,0.99825,0.14242,0.25765,0.13395,0.99868,0.24655,0.12639,0.04181,0.99959,0.12261,0.18802,0.09788,0.99904
0.69000,1,8.54234,0,0.30171,0.36842,0.18130,0.99822,0.15454,0.27679,0.13648,0.99866,0.26304,0.13852,0.04307,0.99958,0.13270,0.20186,0.09972,0.99902
0.70000,1,9.04318,0,0.31990,0.38845,0.18484,0.99819,0.16495,0.29196,0.13914,0.99864,0.27540,0.14901,0.04443,0.99957,0.14110,0.21276,0.10166,0.99900
0.71000,1,9.33508,0,0.33112,0.39891,0.18847,0.99815,0.17219,0.29993,0.14187,0.99861,0.28134,0.15663,0.04586,0.99956,0.14663,0.21839,0.10365,0.99898
0.72000,1,9.37097,0,0.33353,0.39362,0.19206,0.99812,0.17510,0.29608,0.14457,0.99858,0.27942,0.16075,0.04732,0.99954,0.14836,0.21539,0.10562,0.99896
0.73000,1,9.13927,0,0.32642,0.37748,0.19550,0.99808,0.17310,0.28398,0.14716,0.99855,0.26935,0.15993,0.04878,0.99953,0.14592,0.20646,0.10750,0.99894
0.74000,1,8.66157,0,0.31035,0.35158,0.19871,0.99804,0.16621,0.26449,0.14957,0.99853,0.25190,0.15417,0.05019,0.99951,0.13942,0.19223,0.10925,0.99892
0.75000,1,7.98629,0,0.28688,0.31818,0.20161,0.99801,0.15510,0.23926,0.15175,0.99850,0.22876,0.14406,0.05150,0.99950,0.12953,0.17395,0.11084,0.99891
0.76000,1,7.18408,0,0.25850,0.27866,0.20415,0.99798,0.14098,0.20937,0.15366,0.99848,0.20230,0.13079,0.05269,0.99948,0.11731,0.15233,0.11223,0.99889
0.77000,1,6.34307,0,0.22842,0.23905,0.20633,0.99796,0.12554,0.17939,0.15529,0.99846,0.17527,0.11590,0.05375,0.99947,0.10418,0.13070,0.11342,0.99888
0.78000,1,5.55976,0,0.20015,0.20315,0.20818,0.99794,0.11070,0.15220,0.15668,0.99845,0.15047,0.10140,0.05467,0.99946,0.09172,0.11110,0.11443,0.99887
0.79000,1,4.92581,0,0.17697,0.17418,0.20976,0.99792,0.09827,0.13022,0.15787,0.99843,0.13021,0.08921,0.05549,0.99945,0.08141,0.09529,0.11530,0.99886
0.80000,1,4.51472,0,0.16139,0.15521,0.21118,0.99790,0.08960,0.11578,0.15892,0.99842,0.11603,0.08091,0.05623,0.99945,0.07438,0.08496,0.11607,0.99885
0.81000,1,4.37338,0,0.15488,0.14622,0.21251,0.99789,0.08548,0.10881,0.15991,0.99841,0.10856,0.07735,0.05693,0.99944,0.07129,0.08009,0.11680,0.99884
0.82000,1,4.52049,0,0.15788,0.14697,0.21385,0.99787,0.08609,0.10911,0.16091,0.99840,0.10768,0.07879,0.05765,0.99943,0.07234,0.08056,0.11753,0.99883
0.83000,1,4.94836,0,0.16996,0.15661,0.21527,0.99786,0.09119,0.11600,0.16196,0.99839,0.11271,0.08502,0.05842,0.99942,0.07737,0.08590,0.11832,0.99882
0.84000,1,5.62387,0,0.18995,0.17426,0.21686,0.99785,0.10019,0.12882,0.16314,0.99838,0.12264,0.09548,0.05929,0.99942,0.08580,0.09564,0.11919,0.99882
0.85000,1,6.48942,0,0.21599,0.19778,0.21866,0.99783,0.11226,0.14596,0.16447,0.99837,0.13619,0.10928,0.06029,0.99941,0.09689,0.10859,0.12018,0.99881
0.86000,1,7.46768,0,0.24574,0.22458,0.22071,0.99781,0.12638,0.16556,0.16597,0.99836,0.15192,0.12527,0.06143,0.99940,0.10969,0.12336,0.12130,0.99880
0.87000,1,8.47074,0,0.27655,0.25230,0.22301,0.99779,0.14146,0.18586,0.16767,0.99834,0.16833,0.14226,0.06273,0.99939,0.12315,0.13862,0.12256,0.99879
0.88000,1,9.41076,0,0.30582,0.27799,0.22554,0.99777,0.15637,0.20474,0.16953,0.99832,0.18396,0.15893,0.06418,0.99937,0.13619,0.15276,0.12396,0.99877
0.89000,1,10.20872,0,0.33110,0.29942,0.22827,0.99774,0.16999,0.22053,0.17154,0.99830,0.19744,0.17406,0.06576,0.99936,0.14778,0.16455,0.12545,0.99876
0.90000,1,10.79974,0,0.35030,0.31538,0.23114,0.99772,0.18122,0.23235,0.17366,0.99828,0.20753,0.18659,0.06746,0.99934,0.15698,0.17334,0.12703,0.99875
0.91000,1,11.13734,0,0.36176,0.32444,0.23410,0.99769,0.18904,0.23912,0.17584,0.99826,0.21316,0.19552,0.06925,0.99933,0.16298,0.17834,0.12866,0.99873
0.92000,1,11.19987,0,0.36452,0.32467,0.23706,0.99766,0.19267,0.23936,0.17802,0.99824,0.21368,0.19979,0.07107,0.99931,0.16525,0.17851,0.13029,0.99871
0.93000,1,10.99711,0,0.35861,0.31518,0.23993,0.99763,0.19179,0.23239,0.18014,0.99822,0.20901,0.19881,0.07288,0.99929,0.16367,0.17337,0.13187,0.99870
0.94000,1,10.57058,0,0.34514,0.29939,0.24266,0.99760,0.18667,0.22069,0.18215,0.99820,0.19976,0.19334,0.07464,0.99927,0.15860,0.16478,0.13337,0.99868
0.95000,1,9.98565,0,0.32609,0.27914,0.24520,0.99757,0.17813,0.20563,0.18402,0.99818,0.18708,0.18426,0.07632,0.99925,0.15083,0.15376,0.13477,0.99867
0.96000,1,9.32143,0,0.30386,0.25665,0.24754,0.99755,0.16728,0.18887,0.18574,0.99816,0.17272,0.17284,0.07790,0.99924,0.14137,0.14151,0.13606,0.99865
0.97000,1,8.66283,0,0.27879,0.23431,0.24968,0.99752,0.15377,0.17216,0.18731,0.99814,0.16093,0.16014,0.07936,0.99922,0.13010,0.12935,0.13724,0.99864
0.98000,1,8.09316,0,0.25679,0.21473,0.25163,0.99750,0.14154,0.15748,0.18875,0.99813,0.15004,0.14859,0.08071,0.99921,0.12009,0.11870,0.13832,0.99863
0.99000,1,7.68408,0,0.24008,0.19979,0.25345,0.99748,0.13186,0.14620,0.19008,0.99811,0.14153,0.13969,0.08199,0.99919,0.11237,0.11061,0.13933,0.99862
1.00000,1,7.48356,0,0.22997,0.19057,0.25519,0.99747,0.12550,0.13911,0.19135,0.99810,0.13638,0.13444,0.08321,0.99918,0.10758,0.10568,0.14029,0.99861
1.01000,1,7.50569,0,0.22667,0.18793,0.25690,0.99745,0.12264,0.13685,0.19259,0.99809,0.13495,0.13339,0.08443,0.99917,0.10587,0.10439,0.14124,0.99860
1.02000,1,7.72716,0,0.22929,0.19039,0.25863,0.99743,0.12290,0.13829,0.19385,0.99807,0.13693,0.13594,0.08567,0.99916,0.10688,0.10592,0.14220,0.99859
1.03000,1,8.09275,0,0.23613,0.19651,0.26042,0.99741,0.12546,0.14242,0.19515,0.99806,0.14150,0.14118,0.08695,0.99914,0.10986,0.10951,0.14320,0.99858
1.04000,1,8.52680,0,0.24497,0.20448,0.26228,0.99740,0.12928,0.14788,0.19649,0.99805,0.14752,0.14789,0.08830,0.99913,0.11388,0.11414,0.14424,0.99857
1.05000,1,8.94589,0,0.25354,0.21220,0.26422,0.99738,0.13323,0.15318,0.19789,0.99804,0.15370,0.15466,0.08971,0.99912,0.11790,0.11866,0.14532,0.99856
1.06000,1,9.27040,0,0.25968,0.21795,0.26620,0.99736,0.13621,0.15708,0.19932,0.99802,0.15877,0.16016,0.09117,0.99910,0.12096,0.12209,0.14643,0.99855
1.07000,1,9.43480,0,0.26167,0.22023,0.26821,0.99734,0.13727,0.15848,0.20076,0.99801,0.16157,0.16319,0.09266,0.99909,0.12223,0.12359,0.14756,0.99854
1.08000,1,9.39793,0,0.25843,0.21800,0.27019,0.99732,0.13572,0.15665,0.20219,0.99799,0.16122,0.16289,0.09414,0.99907,0.12113,0.12258,0.14868,0.99852
1.09000,1,9.15287,0,0.24978,0.21049,0.27211,0.99730,0.13131,0.15101,0.20357,0.99798,0.15736,0.15869,0.09559,0.99906,0.11751,0.11862,0.14976,0.99851
1.10000,1,8.73200,0,0.23660,0.19872,0.27392,0.99728,0.12434,0.14231,0.20486,0.99796,0.15030,0.15108,0.09697,0.99904,0.11168,0.11227,0.15078,0.99850
1.11000,1,8.20282,0,0.22070,0.18102,0.27557,0.99726,0.11569,0.12924,0.20604,0.99795,0.14103,0.14943,0.09833,0.99903,0.10447,0.10299,0.15172,0.99849
1.12000,1,7.65501,0,0.20445,0.16696,0.27709,0.99724,0.10659,0.11900,0.20712,0.99794,0.13104,0.13763,0.09958,0.99902,0.09701,0.09525,0.15258,0.99848
1.13000,1,7.18375,0,0.19044,0.15467,0.27850,0.99723,0.09823,0.10999,0.20812,0.99793,0.12201,0.12737,0.10074,0.99900,0.09002,0.08849,0.15339,0.99847
1.14000,1,6.87448,0,0.18060,0.14599,0.27983,0.99722,0.09199,0.10354,0.20907,0.99792,0.11539,0.12015,0.10184,0.99899,0.08518,0.08377,0.15415,0.99847
1.15000,2,6.79125,0,0.17646,0.14215,0.28112,0.99720,0.08894,0.10056,0.20998,0.99791,0.11235,0.11695,0.10290,0.99898,0.08345,0.08183,0.15490,0.99846
1.16000,2,6.96784,0,0.17889,0.14386,0.28243,0.99719,0.08904,0.10149,0.21090,0.99790,0.11352,0.11830,0.10398,0.99897,0.08435,0.08307,0.15565,0.99845
1.17000,2,7.39963,0,0.18755,0.15112,0.28380,0.99718,0.09255,0.10637,0.21187,0.99789,0.11892,0.12422,0.10511,0.99896,0.08835,0.08753,0.15645,0.99844
1.18000,2,8.03822,0,0.20121,0.16322,0.28529,0.99716,0.09904,0.11466,0.21292,0.99788,0.12801,0.13408,0.10634,0.99895,0.09504,0.09477,0.15731,0.99844
1.19000,2,8.79411,0,0.21799,0.17832,0.28691,0.99715,0.10737,0.12511,0.21406,0.99787,0.13973,0.14634,0.10767,0.99894,0.10310,0.10378,0.15826,0.99843
1.20000,2,9.54989,0,0.23505,0.19435,0.28868,0.99713,0.11702,0.13622,0.21530,0.99786,0.15252,0.15925,0.10912,0.99892,0.11242,0.11332,0.15929,0.99842
1.21000,2,10.18033,0,0.24990,0.20888,0.29059,0.99711,0.12581,0.14632,0.21663,0.99785,0.16470,0.17079,0.11068,0.99891,0.12045,0.12198,0.16040,0.99841
1.22000,2,10.57264,0,0.25984,0.21928,0.29258,0.99709,0.13265,0.15352,0.21803,0.99783,0.17436,0.17880,0.11231,0.99889,0.12646,0.12825,0.16157,0.99840
1.23000,2,10.64157,0,0.26266,0.22371,0.29462,0.99707,0.13604,0.15651,0.21945,0.99782,0.17961,0.18185,0.11396,0.99888,0.12917,0.13100,0.16276,0.99838
1.24000,2,10.33873,0,0.25691,0.22051,0.29663,0.99705,0.13475,0.15408,0.22085,0.99781,0.17886,0.17867,0.11559,0.99886,0.12758,0.12927,0.16394,0.99837
1.25000,2,9.66029,0,0.24209,0.20877,0.29853,0.99703,0.12806,0.14564,0.22218,0.99779,0.17111,0.16864,0.11713,0.99884,0.12119,0.12256,0.16506,0.99836
1.26000,2,8.65451,0,0.21904,0.18849,0.30025,0.99701,0.11610,0.13119,0.22338,0.99778,0.15642,0.15184,0.11851,0.99883,0.11026,0.11092,0.16607,0.99835
1.27000,2,7.42237,0,0.19007,0.16213,0.30172,0.99700,0.10012,0.11253,0.22440,0.99777,0.13618,0.13033,0.11970,0.99881,0.09597,0.09571,0.16694,0.99834
1.28000,2,6.10513,0,0.15890,0.13292,0.30293,0.99698,0.08169,0.09198,0.22524,0.99776,0.11310,0.10675,0.12067,0.99880,0.07943,0.07880,0.16765,0.99833
1.29000,2,4.86129,0,0.12925,0.10482,0.30388,0.99697,0.06424,0.07230,0.22589,0.99775,0.09030,0.08417,0.12144,0.99879,0.06412,0.06246,0.16822,0.99832
1.30000,2,3.84123,0,0.10517,0.08250,0.30463,0.99696,0.04884,0.05535,0.22640,0.99774,0.07105,0.06590,0.12204,0.99879,0.05057,0.04940,0.16867,0.99832
1.31000,2,3.16757,0,0.08938,0.07778,0.30534,0.99695,0.03811,0.03993,0.22676,0.99774,0.05784,0.05710,0.12256,0.99878,0.04141,0.03833,0.16902,0.99831
1.32000,2,2.92383,0,0.08285,0.07417,0.30601,0.99695,0.03388,0.03353,0.22706,0.99773,0.05157,0.05301,0.12304,0.99877,0.03816,0.03380,0.16933,0.99831
1.33000,2,3.14621,0,0.08757,0.07730,0.30672,0.99694,0.03402,0.03498,0.22738,0.99773,0.05378,0.05574,0.12355,0.99877,0.03932,0.03667,0.16966,0.99831
1.34000,2,3.81418,0,0.10110,0.08342,0.30747,0.99693,0.04015,0.04492,0.22779,0.99773,0.06275,0.06362,0.12413,0.99876,0.04622,0.04718,0.17009,0.99830
1.35000,2,4.84573,0,0.12209,0.09361,0.30833,0.99693,0.05076,0.06347,0.22836,0.99772,0.07765,0.07598,0.12482,0.99876,0.05748,0.05790,0.17061,0.99830
1.36000,2,6.10657,0,0.14773,0.11736,0.30939,0.99692,0.06429,0.07943,0.22908,0.99772,0.09651,0.09529,0.12569,0.99875,0.07156,0.07286,0.17128,0.99829
1.37000,2,7.43253,0,0.17524,0.14341,0.31070,0.99691,0.07983,0.09693,0.22997,0.99771,0.11777,0.11634,0.12675,0.99874,0.08724,0.08921,0.17209,0.99829
1.38000,2,8.65585,0,0.20167,0.16918,0.31224,0.99689,0.09575,0.11423,0.23101,0.99770,0.13947,0.13697,0.12799,0.99873,0.10285,0.10534,0.17305,0.99828
1.39000,2,9.62668,0,0.22428,0.19217,0.31399,0.99688,0.11027,0.12963,0.23219,0.99769,0.15966,0.15508,0.12941,0.99872,0.11666,0.11964,0.17414,0.99827
1.40000,2,10.22761,0,0.24043,0.20451,0.31585,0.99686,0.12215,0.13944,0.23346,0.99768,0.17612,0.17789,0.13103,0.99871,0.12740,0.12848,0.17531,0.99826
1.41000,2,10.38419,0,0.24808,0.21293,0.31779,0.99684,0.12924,0.14552,0.23478,0.99767,0.18670,0.18772,0.13274,0.99869,0.13324,0.13384,0.17653,0.99825
1.42000,2,10.07542,0,0.24580,0.21198,0.31972,0.99682,0.13061,0.14522,0.23610,0.99765,0.18952,0.18955,0.13447,0.99867,0.13349,0.13341,0.17774,0.99823
1.43000,2,9.34134,0,0.23349,0.20128,0.32155,0.99680,0.12560,0.13818,0.23736,0.99764,0.18361,0.18269,0.13613,0.99866,0.12779,0.12708,0.17890,0.99822
1.44000,2,8.27901,0,0.21255,0.18215,0.32321,0.99678,0.11470,0.12524,0.23850,0.99763,0.16945,0.16758,0.13766,0.99864,0.11677,0.11542,0.17995,0.99821
1.45000,2,7.02395,0,0.18573,0.15710,0.32464,0.99677,0.09944,0.10811,0.23948,0.99761,0.14894,0.14626,0.13899,0.99862,0.10193,0.10000,0.18086,0.99820
1.46000,2,5.72497,0,0.15656,0.12953,0.32582,0.99675,0.08218,0.08914,0.24030,0.99761,0.12507,0.12178,0.14010,0.99861,0.08547,0.08288,0.18161,0.99819
1.47000,2,4.52169,0,0.12895,0.10295,0.32675,0.99674,0.06462,0.07082,0.24094,0.99760,0.10142,0.09753,0.14099,0.99860,0.06893,0.06626,0.18222,0.99818
1.48000,2,3.52899,0,0.10571,0.08063,0.32749,0.99673,0.04976,0.05514,0.24144,0.99759,0.08088,0.07685,0.14169,0.99859,0.05504,0.05224,0.18269,0.99818
1.49000,2,2.82676,0,0.08895,0.07058,0.32813,0.99673,0.03976,0.03849,0.24179,0.99759,0.06570,0.06760,0.14230,0.99858,0.04545,0.04189,0.18307,0.99817
1.50000,2,2.45079,0,0.08011,0.06536,0.32872,0.99672,0.03330,0.02981,0.24206,0.99758,0.05738,0.06289,0.14288,0.99858,0.03968,0.03418,0.18338,0.99817
1.51000,2,2.38487,0,0.07859,0.06426,0.32930,0.99671,0.03153,0.02770,0.24231,0.99758,0.05572,0.06196,0.14344,0.99857,0.03856,0.03285,0.18368,0.99817
1.52000,2,2.56162,0,0.08271,0.06701,0.32991,0.99671,0.03351,0.03064,0.24259,0.99758,0.05933,0.06478,0.14403,0.99857,0.04115,0.03679,0.18401,0.99816
1.53000,2,2.87738,0,0.09002,0.07120,0.33056,0.99670,0.03783,0.03671,0.24292,0.99757,0.06608,0.06906,0.14466,0.99856,0.04598,0.04397,0.18441,0.99816
1.54000,2,3.21501,0,0.09789,0.07536,0.33124,0.99669,0.04271,0.04381,0.24332,0.99757,0.07359,0.07341,0.14533,0.99855,0.05134,0.05091,0.18487,0.99816
1.55000,2,3.46491,0,0.10386,0.07958,0.33196,0.99669,0.04640,0.05023,0.24377,0.99757,0.07958,0.07790,0.14603,0.99855,0.05553,0.05407,0.18537,0.99815
1.56000,2,3.54030,0,0.10589,0.08093,0.33270,0.99668,0.04771,0.05250,0.24425,0.99756,0.08201,0.07966,0.14676,0.99854,0.05722,0.05529,0.18587,0.99815
1.57000,2,3.38744,0,0.10261,0.07867,0.33341,0.99667,0.04570,0.04885,0.24469,0.99756,0.07941,0.07790,0.14747,0.99853,0.05542,0.05406,0.18636,0.99814
1.58000,2,2.99161,0,0.09363,0.07220,0.33407,0.99667,0.03977,0.03899,0.24504,0.99755,0.07123,0.07190,0.14812,0.99853,0.04966,0.04958,0.18681,0.99814
1.59000,2,2.37878,0,0.07948,0.06401,0.33465,0.99666,0.03035,0.02635,0.24528,0.99755,0.05778,0.06409,0.14871,0.99852,0.04030,0.03593,0.18714,0.99813
1.60000,2,1.61273,0,0.06128,0.05937,0.33519,0.99665,0.01976,0.01564,0.24542,0.99755,0.04004,0.04403,0.14911,0.99851,0.02832,0.02323,0.18735,0.99813
1.61000,2,0.78654,0,0.03961,0.04835,0.33562,0.99665,0.01245,0.01028,0.24551,0.99755,0.01956,0.02410,0.14932,0.99851,0.01615,0.01399,0.18747,0.99813
1.62000,2,0.00745,0,0.01192,0.00052,0.33563,0.99664,0.01033,0.00089,0.24552,0.99754,0.01041,0.00059,0.14933,0.99851,0.01052,0.00082,0.18748,0.99813
1.63000,2,-0.62331,0,0.01011,0.00000,0.33562,0.99664,0.01009,0.00000,0.24552,0.99754,0.01008,0.00000,0.14933,0.99851,0.01011,0.00000,0.18748,0.99813
1.64000,2,-1.02855,0,0.01008,0.00000,0.33562,0.99664,0.01007,0.00000,0.24552,0.99754,0.01006,0.00000,0.14933,0.99851,0.01007,0.00000,0.18747,0.99813
1.65000,2,-1.16350,0,0.01007,0.00000,0.33562,0.99664,0.01006,0.00000,0.24551,0.99754,0.01005,0.00000,0.14932,0.99851,0.01007,0.00000,0.18747,0.99813
1.66000,2,-1.01576,0,0.01007,0.00000,0.33561,0.99664,0.01006,0.00000,0.24551,0.99754,0.01005,0.00000,0.14932,0.99851,0.01006,0.00000,0.18747,0.99813
1.67000,2,-0.60490,0,0.01009,0.00000,0.33561,0.99664,0.01007,0.00000,0.24551,0.99754,0.01006,0.00000,0.14932,0.99851,0.01008,0.00000,0.18747,0.99813
1.68000,2,0.01685,0,0.01073,0.00110,0.33562,0.99664,0.01026,0.00174,0.24552,0.99754,0.01022,0.00118,0.14933,0.99851,0.01033,0.00149,0.18748,0.99813
1.69000,2,0.76990,0,0.03039,0.05105,0.33608,0.99664,0.01120,0.01235,0.24563,0.99754,0.01290,0.02086,0.14952,0.99851,0.01270,0.01629,0.18763,0.99813
1.70000,2,1.56181,0,0.05305,0.06165,0.33664,0.99664,0.01249,0.01009,0.24572,0.99754,0.02328,0.02739,0.14977,0.99850,0.01946,0.01822,0.18779,0.99812
1.71000,2,2.30411,0,0.06708,0.06912,0.33727,0.99663,0.01732,0.01566,0.24586,0.99754,0.03518,0.04607,0.15019,0.99850,0.02859,0.02985,0.18806,0.99812
1.72000,2,2.92461,0,0.07818,0.07248,0.33792,0.99663,0.02205,0.02045,0.24605,0.99754,0.04446,0.05445,0.15068,0.99850,0.03586,0.03821,0.18841,0.99812
1.73000,2,3.37401,0,0.08591,0.06946,0.33855,0.99662,0.02562,0.02323,0.24626,0.99754,0.05067,0.06498,0.15127,0.99849,0.04082,0.04239,0.18879,0.99812
1.74000,2,3.62879,0,0.09017,0.07217,0.33921,0.99661,0.02716,0.02557,0.24649,0.99754,0.05377,0.06712,0.15188,0.99849,0.04328,0.04650,0.18922,0.99811
1.75000,2,3.69127,0,0.09082,0.07276,0.33987,0.99661,0.02720,0.02580,0.24672,0.99754,0.05366,0.06729,0.15250,0.99848,0.04328,0.04669,0.18964,0.99811
1.76000,2,3.58721,0,0.08886,0.07210,0.34052,0.99660,0.02373,0.02230,0.24692,0.99753,0.05129,0.06630,0.15310,0.99848,0.04124,0.04391,0.19004,0.99810
1.77000,2,3.36111,0,0.08409,0.07632,0.34122,0.99659,0.02282,0.02211,0.24712,0.99753,0.04639,0.05670,0.15362,0.99847,0.03758,0.04108,0.19041,0.99810
1.78000,2,3.06932,0,0.07831,0.07250,0.34187,0.99659,0.02003,0.01919,0.24729,0.99753,0.04067,0.05814,0.15414,0.99846,0.03315,0.03569,0.19074,0.99810
1.79000,2,2.77087,0,0.07233,0.07513,0.34256,0.99658,0.01749,0.01708,0.24745,0.99753,0.03486,0.04726,0.15457,0.99846,0.02872,0.03135,0.19102,0.99809
1.80000,2,2.51735,0,0.06718,0.07426,0.34323,0.99657,0.01536,0.01481,0.24758,0.99753,0.02984,0.03966,0.15493,0.99845,0.02488,0.02662,0.19126,0.99809
1.81000,2,2.34576,0,0.06349,0.07278,0.34389,0.99657,0.01386,0.01309,0.24770,0.99752,0.02611,0.03372,0.15524,0.99845,0.02200,0.02285,0.19147,0.99809
1.82000,2,2.27668,0,0.06214,0.07191,0.34454,0.99656,0.01226,0.01143,0.24780,0.99752,0.02413,0.03052,0.15552,0.99845,0.02008,0.02041,0.19165,0.99809
1.83000,2,2.31495,0,0.06189,0.07220,0.34520,0.99655,0.01243,0.01162,0.24790,0.99752,0.02332,0.02936,0.15578,0.99844,0.01967,0.01988,0.19183,0.99808
1.84000,2,2.44976,0,0.06377,0.07386,0.34587,0.99655,0.01224,0.01171,0.24801,0.99752,0.02400,0.03061,0.15606,0.99844,0.01998,0.02042,0.19202,0.99808
1.85000,2,2.65534,0,0.06637,0.07618,0.34656,0.99654,0.01298,0.01279,0.24812,0.99752,0.02536,0.03301,0.15636,0.99844,0.02114,0.02203,0.19221,0.99808
1.86000,2,2.89599,0,0.06927,0.07860,0.34727,0.99653,0.01421,0.01444,0.24825,0.99752,0.02698,0.03587,0.15669,0.99844,0.02265,0.02409,0.19243,0.99808
1.87000,2,3.13410,0,0.07283,0.08100,0.34801,0.99653,0.01407,0.01473,0.24838,0.99752,0.02877,0.03902,0.15704,0.99843,0.02366,0.02566,0.19266,0.99808
1.88000,2,3.33733,0,0.07480,0.08266,0.34876,0.99652,0.01544,0.01648,0.24853,0.99752,0.02960,0.04056,0.15741,0.99843,0.02469,0.02704,0.19291,0.99807
1.89000,2,3.48354,0,0.07638,0.08397,0.34952,0.99651,0.01548,0.01678,0.24868,0.99751,0.02998,0.04129,0.15778,0.99843,0.02493,0.02744,0.19316,0.99807
1.90000,2,3.56485,0,0.07674,0.08474,0.35029,0.99650,0.01545,0.01689,0.24883,0.99751,0.02955,0.04065,0.15815,0.99842,0.02467,0.02711,0.19340,0.99807
1.91000,2,3.59112,0,0.07686,0.08526,0.35107,0.99650,0.01403,0.01543,0.24897,0.99751,0.02881,0.03947,0.15851,0.99842,0.02366,0.02590,0.19364,0.99807
1.92000,2,3.59087,0,0.07574,0.08518,0.35184,0.99649,0.01397,0.01534,0.24911,0.99751,0.02746,0.03720,0.15885,0.99841,0.02279,0.02466,0.19386,0.99806
1.93000,2,3.60880,0,0.07467,0.08494,0.35261,0.99648,0.01422,0.01557,0.24925,0.99751,0.02638,0.03527,0.15917,0.99841,0.02228,0.02377,0.19408,0.99806
1.94000,2,3.70071,0,0.07504,0.08556,0.35339,0.99647,0.01422,0.01569,0.24939,0.99751,0.02615,0.03486,0.15949,0.99841,0.02213,0.02354,0.19429,0.99806
1.95000,2,3.92594,0,0.07770,0.08768,0.35418,0.99647,0.01433,0.01620,0.24953,0.99751,0.02722,0.03681,0.15982,0.99841,0.02278,0.02457,0.19451,0.99806
1.96000,2,4.33637,0,0.08279,0.09112,0.35501,0.99646,0.01556,0.01828,0.24970,0.99750,0.02983,0.04150,0.16020,0.99840,0.02479,0.02750,0.19476,0.99805
1.97000,2,4.96359,0,0.09207,0.09564,0.35588,0.99645,0.01486,0.01833,0.24986,0.99750,0.03492,0.05044,0.16066,0.99840,0.02798,0.03224,0.19505,0.99805
1.98000,2,5.80927,0,0.10304,0.09929,0.35678,0.99644,0.01943,0.02488,0.25009,0.99750,0.04046,0.06002,0.16120,0.99839,0.03261,0.03864,0.19540,0.99805
1.99000,2,6.84203,0,0.11748,0.09831,0.35768,0.99643,0.02201,0.02840,0.25034,0.99750,0.04782,0.07749,0.16191,0.99839,0.03833,0.04536,0.19581,0.99805
2.00000,2,7.99829,0,0.13359,0.10632,0.35864,0.99642,0.02679,0.03713,0.25068,0.99750,0.05546,0.08350,0.16267,0.99838,0.04459,0.05628,0.19633,0.99804
2.01000,2,9.18466,0,0.15063,0.11377,0.35968,0.99641,0.03167,0.04711,0.25111,0.99749,0.06316,0.09166,0.16350,0.99837,0.05101,0.06727,0.19694,0.99804
2.02000,2,10.28316,0,0.16705,0.12396,0.36080,0.99640,0.03616,0.05869,0.25164,0.99749,0.07022,0.10075,0.16442,0.99836,0.05704,0.07289,0.19760,0.99803
2.03000,2,11.16240,0,0.18100,0.13225,0.36201,0.99639,0.03979,0.06976,0.25227,0.99748,0.07588,0.10769,0.16540,0.99836,0.06209,0.07602,0.19829,0.99802
2.04000,2,11.69670,0,0.19053,0.13695,0.36325,0.99638,0.04213,0.07348,0.25294,0.99748,0.07940,0.11220,0.16642,0.99835,0.06550,0.08252,0.19904,0.99802
2.05000,2,11.78932,0,0.19402,0.13867,0.36451,0.99637,0.04261,0.07535,0.25363,0.99747,0.08019,0.11394,0.16746,0.99834,0.06672,0.08350,0.19980,0.99801
2.06000,2,11.39062,0,0.19024,0.14152,0.36580,0.99635,0.04118,0.07285,0.25429,0.99746,0.07769,0.10053,0.16837,0.99833,0.06518,0.08650,0.20059,0.99800
2.07000,2,10.50446,0,0.17887,0.13014,0.36698,0.99634,0.03737,0.06403,0.25487,0.99746,0.07176,0.10683,0.16935,0.99832,0.06063,0.07652,0.20128,0.99799
2.08000,2,9.18703,0,0.16032,0.11848,0.36806,0.99633,0.03130,0.04888,0.25531,0.99745,0.06247,0.09691,0.17023,0.99831,0.05305,0.07034,0.20192,0.99799
2.09000,2,7.54551,0,0.13594,0.10642,0.36903,0.99632,0.02357,0.03322,0.25561,0.99745,0.05040,0.08512,0.17100,0.99830,0.04292,0.05448,0.20242,0.99798
2.10000,2,5.73515,0,0.10798,0.10714,0.37000,0.99631,0.01558,0.02166,0.25581,0.99744,0.03670,0.05385,0.17149,0.99829,0.03127,0.03903,0.20277,0.99798
2.11000,2,3.94761,0,0.07680,0.08797,0.37080,0.99630,0.01353,0.01546,0.25595,0.99744,0.02240,0.02687,0.17174,0.99829,0.02024,0.02057,0.20296,0.99797
2.12000,2,2.38759,0,0.04754,0.06014,0.37135,0.99629,0.01064,0.00875,0.25603,0.99744,0.01265,0.01086,0.17183,0.99828,0.01234,0.00892,0.20304,0.99797
2.13000,2,1.24257,0,0.01967,0.05888,0.37188,0.99629,0.01042,0.02030,0.25621,0.99744,0.01081,0.02184,0.17203,0.99828,0.01087,0.01834,0.20320,0.99797
2.14000,2,0.65629,0,0.01010,0.03695,0.37221,0.99628,0.01006,0.02399,0.25643,0.99744,0.01007,0.02471,0.17226,0.99828,0.01007,0.02048,0.20339,0.99797
2.15000,2,0.71519,0,0.01011,0.03980,0.37257,0.99628,0.01006,0.02586,0.25666,0.99744,0.01007,0.02642,0.17249,0.99828,0.01007,0.02171,0.20359,0.99797
2.16000,2,1.44489,0,0.02175,0.06123,0.37313,0.99627,0.01067,0.01966,0.25684,0.99743,0.01127,0.02102,0.17268,0.99828,0.01128,0.01716,0.20374,0.99796
2.17000,2,2.80612,0,0.04854,0.06277,0.37370,0.99627,0.01164,0.00988,0.25692,0.99743,0.01547,0.01316,0.17280,0.99827,0.01414,0.00977,0.20383,0.99796
2.18000,2,4.68964,0,0.07784,0.09042,0.37452,0.99626,0.01671,0.01988,0.25710,0.99743,0.02687,0.03167,0.17309,0.99827,0.02275,0.02176,0.20402,0.99796
2.19000,2,6.92163,0,0.11342,0.11125,0.37553,0.99625,0.02190,0.03215,0.25739,0.99743,0.04065,0.05839,0.17362,0.99827,0.03312,0.03865,0.20437,0.99796
2.20000,2,9.28609,0,0.15199,0.11741,0.37660,0.99624,0.02961,0.04755,0.25782,0.99743,0.05435,0.09608,0.17450,0.99826,0.04439,0.05499,0.20487,0.99796
2.21000,2,11.55616,0,0.19154,0.14748,0.37794,0.99623,0.03677,0.07198,0.25848,0.99742,0.06768,0.09330,0.17535,0.99826,0.05560,0.07667,0.20557,0.99795
2.22000,2,13.52205,0,0.22854,0.16799,0.37947,0.99622,0.04336,0.09693,0.25936,0.99742,0.07970,0.10532,0.17630,0.99825,0.06606,0.08732,0.20637,0.99794
2.23000,2,15.00870,0,0.25955,0.18202,0.38112,0.99621,0.04950,0.12019,0.26045,0.99741,0.08967,0.11306,0.17733,0.99824,0.07516,0.09482,0.20723,0.99794
2.24000,2,15.88576,0,0.28168,0.19765,0.38292,0.99619,0.05451,0.13215,0.26166,0.99740,0.09703,0.12164,0.17844,0.99823,0.08238,0.10343,0.20817,0.99793
2.25000,2,16.07958,0,0.29241,0.20697,0.38481,0.99617,0.05858,0.13870,0.26292,0.99738,0.10103,0.12624,0.17959,0.99822,0.08696,0.10902,0.20916,0.99792
2.26000,2,15.58900,0,0.29075,0.20598,0.38668,0.99615,0.06077,0.13832,0.26418,0.99737,0.10135,0.12525,0.18073,0.99820,0.08842,0.10945,0.21016,0.99791
2.27000,2,14.49083,0,0.27693,0.19670,0.38847,0.99613,0.06073,0.13236,0.26538,0.99736,0.09772,0.11936,0.18182,0.99819,0.08629,0.10545,0.21112,0.99790
2.28000,2,12.92417,0,0.25273,0.17998,0.39011,0.99612,0.05794,0.12135,0.26649,0.99735,0.09033,0.10904,0.18281,0.99818,0.08054,0.09723,0.21200,0.99789
2.29000,2,11.06399,0,0.22097,0.15743,0.39154,0.99610,0.05234,0.10634,0.26745,0.99734,0.07976,0.09523,0.18368,0.99817,0.07161,0.08550,0.21278,0.99788
2.30000,2,9.09940,0,0.18515,0.13714,0.39279,0.99608,0.04479,0.08312,0.26821,0.99733,0.06709,0.08282,0.18443,0.99816,0.06052,0.07462,0.21346,0.99787
2.31000,2,7.21890,0,0.14941,0.11762,0.39386,0.99607,0.03634,0.05792,0.26873,0.99732,0.05404,0.07082,0.18508,0.99816,0.04886,0.06246,0.21403,0.99787
2.32000,2,5.59615,0,0.11758,0.10867,0.39484,0.99606,0.02874,0.04237,0.26912,0.99731,0.04230,0.05513,0.18558,0.99815,0.03828,0.04501,0.21443,0.99786
2.33000,2,4.37252,0,0.09197,0.09671,0.39572,0.99605,0.02478,0.03255,0.26941,0.99731,0.03329,0.03842,0.18592,0.99814,0.03058,0.03178,0.21472,0.99786
2.34000,2,3.63910,0,0.07665,0.08685,0.39651,0.99604,0.02163,0.02555,0.26964,0.99731,0.02803,0.02884,0.18619,0.99814,0.02584,0.02391,0.21494,0.99785
2.35000,2,3.42618,0,0.07244,0.08380,0.39727,0.99603,0.02040,0.02330,0.26985,0.99730,0.02656,0.02614,0.18642,0.99814,0.02425,0.02146,0.21513,0.99785
2.36000,2,3.70637,0,0.07708,0.08756,0.39807,0.99603,0.02294,0.02745,0.27010,0.99730,0.02866,0.02923,0.18669,0.99814,0.02631,0.02413,0.21535,0.99785
2.37000,2,4.40692,0,0.09117,0.09653,0.39894,0.99602,0.02714,0.03588,0.27043,0.99730,0.03374,0.03762,0.18703,0.99813,0.03090,0.03103,0.21563,0.99785
2.38000,2,5.42186,0,0.11296,0.10633,0.39991,0.99601,0.03268,0.04772,0.27086,0.99730,0.04112,0.05004,0.18748,0.99813,0.03751,0.04126,0.21601,0.99784
2.39000,2,6.62144,0,0.13955,0.11368,0.40094,0.99600,0.03910,0.06121,0.27141,0.99729,0.04993,0.06424,0.18807,0.99813,0.04547,0.05327,0.21649,0.99784
2.40000,2,7.86392,0,0.16840,0.12617,0.40209,0.99599,0.04707,0.08202,0.27216,0.99729,0.05951,0.07059,0.18871,0.99812,0.05464,0.06487,0.21708,0.99784
2.41000,2,9.01209,0,0.19693,0.14481,0.40341,0.99598,0.05541,0.10029,0.27307,0.99728,0.06895,0.08004,0.18944,0.99811,0.06396,0.07443,0.21776,0.99783
2.42000,2,9.95135,0,0.22251,0.16476,0.40490,0.99597,0.06361,0.11443,0.27411,0.99727,0.07746,0.09001,0.19026,0.99811,0.07273,0.08478,0.21853,0.99782
2.43000,2,10.60305,0,0.24297,0.18072,0.40655,0.99595,0.07117,0.12588,0.27526,0.99726,0.08439,0.09774,0.19115,0.99810,0.08030,0.09324,0.21938,0.99781
2.44000,2,10.92906,0,0.25689,0.19218,0.40830,0.99593,0.07755,0.13422,0.27648,0.99725,0.08928,0.10288,0.19208,0.99809,0.08616,0.09949,0.22028,0.99781
2.45000,2,10.92899,0,0.26257,0.19845,0.41010,0.99592,0.08159,0.13895,0.27774,0.99724,0.09320,0.10533,0.19304,0.99808,0.08939,0.10314,0.22122,0.99780
2.46000,2,10.63575,0,0.26021,0.19926,0.41192,0.99590,0.08305,0.13986,0.27902,0.99722,0.09590,0.10508,0.19400,0.99807,0.08987,0.10397,0.22217,0.99779
2.47000,2,10.11220,0,0.25170,0.19435,0.41369,0.99588,0.08258,0.13675,0.28026,0.99721,0.09629,0.10213,0.19493,0.99806,0.08821,0.10179,0.22309,0.99778
2.48000,2,9.44439,0,0.23880,0.18606,0.41538,0.99586,0.08041,0.13122,0.28146,0.99720,0.09471,0.09734,0.19581,0.99805,0.08482,0.09775,0.22398,0.99777
2.49000,2,8.72824,0,0.22390,0.17605,0.41698,0.99585,0.07734,0.12442,0.28259,0.99719,0.09197,0.09161,0.19665,0.99804,0.08053,0.09271,0.22482,0.99776
2.50000,2,8.05347,0,0.20928,0.16608,0.41849,0.99583,0.07397,0.11762,0.28366,0.99717,0.08890,0.08588,0.19743,0.99803,0.07609,0.08758,0.22562,0.99775
2.51000,2,7.49065,0,0.19691,0.15800,0.41993,0.99582,0.07101,0.11212,0.28468,0.99716,0.08637,0.08102,0.19817,0.99803,0.07223,0.08337,0.22638,0.99774
2.52000,2,7.08419,0,0.18816,0.15274,0.42132,0.99580,0.06900,0.10859,0.28567,0.99715,0.08511,0.07760,0.19887,0.99802,0.06950,0.08060,0.22711,0.99774
2.53000,2,6.85097,0,0.18370,0.15095,0.42269,0.99579,0.06823,0.10752,0.28664,0.99714,0.08558,0.07592,0.19956,0.99801,0.06818,0.07965,0.22784,0.99773
2.54000,2,6.78218,0,0.18350,0.15278,0.42408,0.99577,0.06879,0.10902,0.28764,0.99713,0.08797,0.07601,0.20025,0.99800,0.06832,0.08059,0.22857,0.99772
2.55000,2,6.84684,0,0.18691,0.15809,0.42552,0.99576,0.07054,0.11302,0.28866,0.99712,0.09217,0.07764,0.20096,0.99800,0.06975,0.08338,0.22933,0.99771
2.56000,2,6.99705,0,0.19277,0.16586,0.42703,0.99574,0.07314,0.11881,0.28974,0.99711,0.09780,0.08032,0.20169,0.99799,0.07207,0.08750,0.23012,0.99771
2.57000,2,7.17630,0,0.19959,0.17489,0.42862,0.99573,0.07616,0.12552,0.29089,0.99710,0.10425,0.08341,0.20245,0.99798,0.07481,0.09233,0.23096,0.99770
2.58000,2,7.33008,0,0.20590,0.18395,0.43029,0.99571,0.07906,0.13226,0.29209,0.99709,0.11083,0.08630,0.20323,0.99798,0.07740,0.09721,0.23185,0.99769
2.59000,2,7.41653,0,0.21043,0.19130,0.43203,0.99570,0.08147,0.13780,0.29334,0.99708,0.11683,0.08841,0.20404,0.99797,0.07949,0.10123,0.23277,0.99768
2.60000,2,7.41354,0,0.21250,0.19640,0.43382,0.99568,0.08303,0.14175,0.29463,0.99707,0.12176,0.08946,0.20485,0.99796,0.08070,0.10409,0.23372,0.99767
2.61000,2,7.32008,0,0.21194,0.19933,0.43563,0.99566,0.08365,0.14413,0.29595,0.99705,0.12540,0.08934,0.20567,0.99795,0.08097,0.10580,0.23468,0.99766
2.62000,2,7.15275,0,0.20912,0.20028,0.43745,0.99564,0.08341,0.14507,0.29727,0.99704,0.12776,0.08821,0.20647,0.99794,0.08041,0.10646,0.23565,0.99765
2.63000,2,6.94084,0,0.20480,0.19968,0.43927,0.99563,0.08254,0.14490,0.29858,0.99703,0.12918,0.08637,0.20725,0.99794,0.07926,0.10629,0.23661,0.99764
2.64000,2,6.72119,0,0.20006,0.19850,0.44108,0.99561,0.08136,0.14430,0.29990,0.99701,0.13024,0.08427,0.20802,0.99793,0.07785,0.10579,0.23758,0.99763
2.65000,2,6.53243,0,0.19598,0.19810,0.44288,0.99559,0.08039,0.14422,0.30121,0.99700,0.13161,0.08241,0.20877,0.99792,0.07670,0.10569,0.23854,0.99762
2.66000,2,6.40826,0,0.19376,0.19959,0.44470,0.99557,0.07949,0.14556,0.30253,0.99699,0.13417,0.08122,0.20951,0.99791,0.07544,0.10660,0.23951,0.99761
2.67000,2,6.37097,0,0.19409,0.20408,0.44655,0.99555,0.07997,0.14905,0.30389,0.99697,0.13863,0.08101,0.21025,0.99790,0.07565,0.10912,0.24050,0.99760
2.68000,2,6.42691,0,0.19674,0.21224,0.44848,0.99553,0.08122,0.15526,0.30530,0.99696,0.14463,0.08182,0.21099,0.99790,0.07690,0.11362,0.24154,0.99759
2.69000,2,6.56539,0,0.20206,0.22380,0.45052,0.99552,0.08355,0.16397,0.30680,0.99695,0.15299,0.08355,0.21175,0.99789,0.07909,0.11998,0.24263,0.99758
2.70000,2,6.76168,0,0.20917,0.23825,0.45269,0.99549,0.08662,0.17485,0.30839,0.99693,0.16311,0.08586,0.21253,0.99788,0.08200,0.12795,0.24379,0.99757
2.71000,2,6.98282,0,0.21698,0.25454,0.45501,0.99547,0.09033,0.18710,0.31009,0.99692,0.17425,0.08831,0.21333,0.99787,0.08576,0.13698,0.24504,0.99756
2.72000,2,7.19435,0,0.22471,0.27068,0.45747,0.99545,0.09377,0.19929,0.31191,0.99690,0.18587,0.09063,0.21416,0.99787,0.08893,0.14599,0.24637,0.99755
2.73000,2,7.36538,0,0.23138,0.28641,0.46008,0.99543,0.09683,0.21120,0.31383,0.99688,0.19706,0.09219,0.21500,0.99786,0.09155,0.15486,0.24778,0.99754
2.74000,2,7.47210,0,0.23602,0.30064,0.46282,0.99540,0.09937,0.22206,0.31585,0.99686,0.20681,0.09263,0.21584,0.99785,0.09382,0.16297,0.24926,0.99752
2.75000,2,7.50170,0,0.23831,0.31260,0.46566,0.99537,0.10104,0.23127,0.31796,0.99684,0.21460,0.09174,0.21668,0.99784,0.09522,0.16989,0.25081,0.99751
2.76000,2,7.45714,0,0.23829,0.31859,0.46856,0.99534,0.10181,0.23609,0.32011,0.99682,0.22021,0.09069,0.21750,0.99783,0.09572,0.17356,0.25239,0.99749
2.77000,2,7.35866,0,0.23654,0.32238,0.47150,0.99531,0.10187,0.23927,0.32229,0.99680,0.22395,0.08878,0.21831,0.99782,0.09553,0.17600,0.25399,0.99748
2.78000,2,7.23901,0,0.23405,0.32520,0.47446,0.99529,0.10161,0.24171,0.32449,0.99678,0.22659,0.08640,0.21909,0.99782,0.09501,0.17790,0.25561,0.99746
2.79000,2,7.13584,0,0.23200,0.32869,0.47745,0.99526,0.10151,0.24465,0.32672,0.99676,0.22922,0.08399,0.21986,0.99781,0.09464,0.18013,0.25725,0.99744
2.80000,2,7.08551,0,0.23153,0.33294,0.48049,0.99523,0.10214,0.24815,0.32898,0.99673,0.23301,0.08270,0.22061,0.99780,0.09505,0.18272,0.25892,0.99743
2.81000,2,7.11817,0,0.23376,0.34092,0.48359,0.99520,0.10392,0.25445,0.33129,0.99671,0.23918,0.08241,0.22136,0.99779,0.09639,0.18735,0.26062,0.99741
2.82000,2,7.25232,0,0.23935,0.35428,0.48682,0.99516,0.10730,0.26477,0.33371,0.99669,0.24855,0.08319,0.22212,0.99779,0.09914,0.19492,0.26240,0.99739
2.83000,2,7.48993,0,0.24853,0.37359,0.49022,0.99513,0.11250,0.27962,0.33625,0.99666,0.26148,0.08506,0.22289,0.99778,0.10346,0.20577,0.26427,0.99738
2.84000,2,7.81448,0,0.26101,0.39716,0.49384,0.99510,0.11952,0.29776,0.33897,0.99664,0.27778,0.08852,0.22369,0.99777,0.10916,0.21893,0.26627,0.99736
2.85000,2,8.19175,0,0.27589,0.42441,0.49770,0.99506,0.12823,0.31877,0.34187,0.99661,0.29649,0.09304,0.22454,0.99776,0.11617,0.23401,0.26840,0.99734
2.86000,2,8.57270,0,0.29169,0.45355,0.50184,0.99502,0.13793,0.34138,0.34498,0.99658,0.31582,0.09771,0.22543,0.99775,0.12370,0.24998,0.27068,0.99732
2.87000,2,8.89963,0,0.30484,0.47775,0.50619,0.99498,0.14569,0.36002,0.34826,0.99655,0.33064,0.10115,0.22635,0.99775,0.12983,0.26321,0.27307,0.99729
2.88000,2,9.11674,0,0.31472,0.49245,0.51067,0.99494,0.15220,0.37153,0.35165,0.99652,0.34095,0.10551,0.22731,0.99774,0.13468,0.27116,0.27554,0.99727
2.89000,2,9.18117,0,0.31972,0.49478,0.51518,0.99489,0.15658,0.37369,0.35505,0.99648,0.34488,0.11031,0.22831,0.99773,0.13753,0.27223,0.27802,0.99724
2.90000,2,9.06905,0,0.31878,0.48763,0.51962,0.99485,0.15815,0.36864,0.35841,0.99645,0.34131,0.11287,0.22934,0.99772,0.13787,0.26810,0.28047,0.99722
2.91000,2,8.77688,0,0.31146,0.47065,0.52391,0.99480,0.15650,0.35608,0.36165,0.99642,0.33002,0.11289,0.23037,0.99771,0.13545,0.25859,0.28282,0.99720
2.92000,2,8.32352,0,0.29813,0.44219,0.52794,0.99476,0.15164,0.33472,0.36470,0.99638,0.31179,0.11143,0.23138,0.99770,0.13035,0.24278,0.28503,0.99717
2.93000,2,7.75306,0,0.28013,0.40301,0.53161,0.99472,0.14412,0.30513,0.36748,0.99635,0.28851,0.10930,0.23238,0.99769,0.12316,0.22109,0.28705,0.99715
2.94000,2,7.13225,0,0.25973,0.36236,0.53491,0.99468,0.13499,0.27435,0.36998,0.99633,0.26296,0.10494,0.23333,0.99768,0.11474,0.19865,0.28886,0.99713
2.95000,2,6.53950,0,0.23970,0.32436,0.53786,0.99465,0.12568,0.24551,0.37222,0.99630,0.23824,0.09966,0.23424,0.99767,0.10636,0.17771,0.29047,0.99711
2.96000,2,6.05028,0,0.22280,0.29274,0.54053,0.99462,0.11767,0.22144,0.37423,0.99628,0.21715,0.09484,0.23510,0.99766,0.09923,0.16034,0.29193,0.99710
2.97000,2,5.72511,0,0.21127,0.27036,0.54299,0.99459,0.11216,0.20436,0.37609,0.99626,0.20174,0.09171,0.23594,0.99765,0.09438,0.14803,0.29328,0.99708
2.98000,2,5.60226,0,0.20657,0.25810,0.54534,0.99457,0.10997,0.19493,0.37787,0.99624,0.19309,0.09131,0.23677,0.99764,0.09244,0.14129,0.29457,0.99707
2.99000,2,5.69423,0,0.20921,0.25600,0.54767,0.99455,0.11144,0.19314,0.37962,0.99622,0.19129,0.09415,0.23762,0.99763,0.09367,0.14012,0.29584,0.99705
3.00000,2,5.98654,0,0.21873,0.26282,0.55006,0.99452,0.11638,0.19812,0.38143,0.99620,0.19556,0.10021,0.23853,0.99762,0.09791,0.14384,0.29715,0.99704
3.01000,2,6.43819,0,0.23377,0.27733,0.55258,0.99450,0.12419,0.20888,0.38333,0.99619,0.20441,0.10885,0.23953,0.99761,0.10458,0.15177,0.29853,0.99703
3.02000,2,6.98559,0,0.25218,0.29573,0.55527,0.99447,0.13384,0.22258,0.38535,0.99617,0.21578,0.11933,0.24061,0.99760,0.11279,0.16181,0.30001,0.99701
3.03000,2,7.55182,0,0.27135,0.31480,0.55814,0.99445,0.14409,0.23680,0.38751,0.99615,0.22740,0.13044,0.24180,0.99759,0.12142,0.17222,0.30157,0.99700
3.04000,2,8.06044,0,0.28868,0.33145,0.56116,0.99442,0.15363,0.24924,0.38978,0.99612,0.23713,0.14091,0.24308,0.99758,0.12933,0.18131,0.30322,0.99698
3.05000,2,8.45035,0,0.30201,0.34043,0.56426,0.99439,0.16137,0.25589,0.39211,0.99610,0.24333,0.14986,0.24445,0.99757,0.13557,0.18617,0.30492,0.99697
3.06000,2,8.68572,0,0.31004,0.34275,0.56738,0.99436,0.16653,0.25758,0.39446,0.99608,0.24510,0.15622,0.24587,0.99756,0.13956,0.18740,0.30662,0.99695
3.07000,2,8.75734,0,0.31233,0.33889,0.57046,0.99433,0.16881,0.25458,0.39677,0.99606,0.24226,0.15961,0.24732,0.99754,0.14105,0.18527,0.30831,0.99693
3.08000,2,8.67909,0,0.30925,0.32954,0.57346,0.99430,0.16826,0.24745,0.39903,0.99603,0.23531,0.16010,0.24878,0.99753,0.14019,0.18014,0.30995,0.99692
3.09000,2,8.48422,0,0.30191,0.31468,0.57633,0.99427,0.16534,0.23614,0.40118,0.99601,0.22525,0.15809,0.25022,0.99751,0.13739,0.17202,0.31152,0.99690
3.10000,2,8.22137,0,0.29194,0.29719,0.57903,0.99424,0.16084,0.22284,0.40321,0.99599,0.21345,0.15434,0.25162,0.99750,0.13337,0.16248,0.31300,0.99688
3.11000,2,7.94699,0,0.28131,0.27995,0.58158,0.99421,0.15577,0.20968,0.40511,0.99597,0.20142,0.14990,0.25299,0.99748,0.12897,0.15310,0.31439,0.99687
3.12000,2,7.71469,0,0.27191,0.26480,0.58399,0.99418,0.15112,0.19810,0.40692,0.99595,0.19051,0.14587,0.25432,0.99747,0.12505,0.14487,0.31571,0.99686
3.13000,2,7.56495,0,0.26514,0.25324,0.58629,0.99416,0.14768,0.18918,0.40864,0.99593,0.18167,0.14310,0.25562,0.99746,0.12224,0.13861,0.31697,0.99684
3.14000,2,7.51890,0,0.26174,0.24574,0.58853,0.99414,0.14589,0.18328,0.41031,0.99591,0.17529,0.14211,0.25691,0.99744,0.12089,0.13457,0.31819,0.99683
3.15000,2,7.57738,0,0.26175,0.24190,0.59073,0.99411,0.14581,0.18012,0.41194,0.99590,0.17132,0.14296,0.25821,0.99743,0.12104,0.13256,0.31940,0.99682
3.16000,2,7.72464,0,0.26464,0.24108,0.59292,0.99409,0.14722,0.17920,0.41357,0.99588,0.16932,0.14543,0.25954,0.99742,0.12249,0.13219,0.32060,0.99681
3.17000,2,7.93465,0,0.26957,0.24218,0.59513,0.99407,0.14972,0.17973,0.41521,0.99586,0.16870,0.14907,0.26090,0.99740,0.12487,0.13290,0.32181,0.99679
3.18000,2,8.17766,0,0.27555,0.24411,0.59735,0.99405,0.15284,0.18085,0.41686,0.99585,0.16884,0.15333,0.26229,0.99739,0.12776,0.13407,0.32303,0.99678
3.19000,2,8.42514,0,0.28169,0.24631,0.59959,0.99403,0.15612,0.18220,0.41851,0.99583,0.16918,0.15779,0.26373,0.99738,0.13078,0.13540,0.32426,0.99677
3.20000,2,8.65288,0,0.28720,0.24810,0.60184,0.99400,0.15917,0.18323,0.42018,0.99581,0.16929,0.16202,0.26520,0.99736,0.13358,0.13651,0.32550,0.99676
3.21000,2,8.84367,0,0.29155,0.24887,0.60411,0.99398,0.16169,0.18352,0.42185,0.99580,0.16886,0.16566,0.26671,0.99735,0.13591,0.13707,0.32675,0.99674
3.22000,2,8.98958,0,0.29360,0.24810,0.60637,0.99396,0.16286,0.18267,0.42351,0.99578,0.16872,0.16826,0.26824,0.99733,0.13714,0.13681,0.32800,0.99673
3.23000,2,9.09184,0,0.29216,0.24677,0.60861,0.99394,0.16174,0.18140,0.42516,0.99576,0.17019,0.16976,0.26979,0.99732,0.13660,0.13624,0.32924,0.99672
3.24000,2,9.15743,0,0.28972,0.24472,0.61084,0.99391,0.16014,0.17961,0.42680,0.99575,0.17103,0.17064,0.27134,0.99730,0.13565,0.13528,0.33047,0.99671
3.25000,2,9.19474,0,0.28656,0.24219,0.61304,0.99389,0.15821,0.17746,0.42841,0.99573,0.17139,0.17103,0.27290,0.99729,0.13439,0.13408,0.33169,0.99670
3.26000,2,9.21068,0,0.28292,0.23912,0.61521,0.99387,0.15604,0.17492,0.43000,0.99572,0.17137,0.17098,0.27446,0.99727,0.13294,0.13259,0.33289,0.99668
3.27000,2,9.20939,0,0.27892,0.23588,0.61736,0.99385,0.15372,0.17224,0.43157,0.99570,0.17104,0.17064,0.27601,0.99726,0.13136,0.13100,0.33408,0.99667
3.28000,2,9.19195,0,0.27464,0.23247,0.61947,0.99383,0.15125,0.16944,0.43311,0.99568,0.17041,0.17003,0.27756,0.99724,0.12965,0.12934,0.33526,0.99666
3.29000,2,9.15756,0,0.27005,0.22886,0.62156,0.99381,0.14862,0.16650,0.43462,0.99567,0.16947,0.16913,0.27910,0.99722,0.12781,0.12758,0.33642,0.99665
3.30000,2,9.10607,0,0.26516,0.22471,0.62360,0.99378,0.14582,0.16317,0.43611,0.99565,0.16822,0.16779,0.28063,0.99721,0.12585,0.12552,0.33756,0.99664
3.31000,2,9.03991,0,0.26006,0.22036,0.62560,0.99376,0.14290,0.15968,0.43756,0.99564,0.16668,0.16618,0.28214,0.99719,0.12378,0.12337,0.33868,0.99662
3.32000,2,8.96352,0,0.25488,0.21599,0.62757,0.99374,0.13991,0.15620,0.43898,0.99562,0.16495,0.16439,0.28364,0.99718,0.12167,0.12121,0.33979,0.99661
3.33000,2,8.88090,0,0.24972,0.20782,0.62946,0.99372,0.13691,0.14985,0.44034,0.99561,0.16310,0.17152,0.28520,0.99716,0.11957,0.11739,0.34085,0.99660
3.34000,2,8.79344,0,0.24464,0.20410,0.63131,0.99371,0.13393,0.14698,0.44168,0.99560,0.16115,0.16807,0.28673,0.99715,0.11750,0.11557,0.34190,0.99659
3.35000,2,8.69860,0,0.23957,0.20036,0.63313,0.99369,0.13093,0.14405,0.44299,0.99558,0.15908,0.16463,0.28823,0.99713,0.11541,0.11373,0.34294,0.99658
3.36000,2,8.58942,0,0.23431,0.19643,0.63492,0.99367,0.12781,0.14095,0.44427,0.99557,0.15675,0.16107,0.28969,0.99712,0.11323,0.11177,0.34395,0.99657
3.37000,2,8.45431,0,0.22858,0.19204,0.63666,0.99365,0.12439,0.13750,0.44552,0.99556,0.15398,0.15716,0.29112,0.99710,0.11080,0.10954,0.34495,0.99656
3.38000,2,8.27790,0,0.22198,0.18684,0.63836,0.99363,0.12045,0.13348,0.44673,0.99554,0.15045,0.15263,0.29251,0.99709,0.10793,0.10685,0.34592,0.99655
3.39000,3,8.04323,0,0.21414,0.18041,0.64000,0.99362,0.11579,0.12856,0.44790,0.99553,0.14590,0.14714,0.29385,0.99707,0.10444,0.10344,0.34686,0.99654
3.40000,3,7.73603,0,0.20476,0.17234,0.64157,0.99360,0.11020,0.12249,0.44902,0.99552,0.14007,0.14036,0.29513,0.99706,0.10013,0.09910,0.34776,0.99653
3.41000,3,7.35034,0,0.19358,0.16249,0.64304,0.99358,0.10353,0.11516,0.45006,0.99551,0.13271,0.13218,0.29633,0.99705,0.09493,0.09372,0.34861,0.99652
3.42000,3,6.89404,0,0.18095,0.15101,0.64441,0.99357,0.09563,0.10671,0.45103,0.99550,0.12398,0.12274,0.29745,0.99704,0.08837,0.08739,0.34941,0.99651
3.43000,3,6.39262,0,0.16732,0.13848,0.64567,0.99356,0.08716,0.09754,0.45192,0.99549,0.11422,0.11250,0.29847,0.99703,0.08153,0.08042,0.35014,0.99651
3.44000,3,5.88973,0,0.15389,0.12591,0.64681,0.99354,0.07861,0.08840,0.45272,0.99548,0.10427,0.10226,0.29940,0.99702,0.07462,0.07341,0.35080,0.99650
3.45000,3,5.44312,0,0.14196,0.11458,0.64785,0.99353,0.07104,0.08018,0.45344,0.99547,0.09516,0.09309,0.30025,0.99701,0.06872,0.06710,0.35141,0.99649
3.46000,3,5.11581,0,0.13307,0.10588,0.64881,0.99352,0.06468,0.07384,0.45411,0.99547,0.08795,0.08607,0.30103,0.99700,0.06375,0.06230,0.35198,0.99649
3.47000,3,4.96467,0,0.12844,0.10106,0.64973,0.99351,0.06058,0.07026,0.45475,0.99546,0.08366,0.08223,0.30178,0.99699,0.06088,0.05973,0.35252,0.99648
3.48000,3,5.03115,0,0.12880,0.10071,0.65064,0.99350,0.05928,0.06979,0.45538,0.99545,0.08288,0.08202,0.30252,0.99698,0.06060,0.05981,0.35306,0.99647
3.49000,3,5.33582,0,0.13446,0.10518,0.65159,0.99349,0.06097,0.07267,0.45604,0.99545,0.08593,0.08572,0.30330,0.99697,0.06313,0.06276,0.35363,0.99647
3.50000,3,5.87301,0,0.14520,0.11432,0.65263,0.99348,0.06562,0.07877,0.45675,0.99544,0.09277,0.09322,0.30415,0.99697,0.06842,0.06853,0.35425,0.99646
3.51000,3,6.60421,0,0.16019,0.12769,0.65379,0.99347,0.07291,0.08780,0.45755,0.99543,0.10299,0.10414,0.30509,0.99696,0.07613,0.07680,0.35495,0.99646
3.52000,3,7.45626,0,0.17801,0.14395,0.65509,0.99346,0.08223,0.09883,0.45845,0.99542,0.11579,0.11736,0.30616,0.99695,0.08561,0.08684,0.35574,0.99645
3.53000,3,8.33004,0,0.19678,0.16157,0.65656,0.99345,0.09271,0.11079,0.45945,0.99542,0.13007,0.13157,0.30736,0.99694,0.09597,0.09766,0.35662,0.99644
3.54000,3,9.11740,0,0.21442,0.17876,0.65819,0.99343,0.10333,0.12247,0.46057,0.99541,0.14449,0.14529,0.30868,0.99693,0.10615,0.10819,0.35761,0.99643
3.55000,3,9.71911,0,0.22892,0.19354,0.65994,0.99342,0.11293,0.13247,0.46177,0.99539,0.15759,0.15688,0.31011,0.99691,0.11505,0.11726,0.35867,0.99642
3.56000,3,10.05800,0,0.23849,0.20428,0.66180,0.99340,0.12017,0.13969,0.46304,0.99538,0.16786,0.16503,0.31161,0.99690,0.12146,0.12382,0.35980,0.99641
3.57000,3,10.08570,0,0.24178,0.20949,0.66371,0.99338,0.12410,0.14306,0.46434,0.99537,0.17392,0.16862,0.31315,0.99688,0.12454,0.12701,0.36096,0.99640
3.58000,3,9.78660,0,0.23793,0.20311,0.66555,0.99336,0.12401,0.13993,0.46561,0.99536,0.17460,0.17541,0.31474,0.99687,0.12383,0.12431,0.36209,0.99639
3.59000,3,9.18227,0,0.22692,0.19363,0.66731,0.99334,0.11946,0.13354,0.46683,0.99534,0.16932,0.16925,0.31628,0.99685,0.11905,0.11890,0.36317,0.99638
3.60000,3,8.33279,0,0.20969,0.17809,0.66893,0.99333,0.11077,0.12288,0.46794,0.99533,0.15836,0.15741,0.31772,0.99684,0.11058,0.10980,0.36416,0.99637
3.61000,3,7.32927,0,0.18813,0.15823,0.67037,0.99331,0.09894,0.10919,0.46893,0.99532,0.14295,0.14124,0.31900,0.99682,0.09943,0.09800,0.36505,0.99636
3.62000,3,6.27786,0,0.16485,0.13638,0.67160,0.99330,0.08513,0.09407,0.46979,0.99531,0.12513,0.12274,0.32012,0.99681,0.08658,0.08490,0.36583,0.99635
3.63000,3,5.28162,0,0.14225,0.11503,0.67265,0.99328,0.07141,0.07926,0.47051,0.99530,0.10701,0.10417,0.32106,0.99680,0.07400,0.07199,0.36648,0.99634
3.64000,3,4.42634,0,0.12250,0.09629,0.67352,0.99327,0.05982,0.06625,0.47111,0.99529,0.09066,0.08759,0.32186,0.99679,0.06339,0.06061,0.36703,0.99634
3.65000,3,3.77320,0,0.10740,0.08613,0.67430,0.99326,0.04980,0.05722,0.47162,0.99529,0.07769,0.06803,0.32248,0.99678,0.05437,0.05342,0.36751,0.99633
3.66000,3,3.35600,0,0.09777,0.07645,0.67499,0.99326,0.04292,0.04497,0.47203,0.99528,0.06913,0.06996,0.32311,0.99678,0.04841,0.04722,0.36794,0.99632
3.67000,3,3.17906,0,0.09361,0.07464,0.67566,0.99325,0.03946,0.04028,0.47239,0.99528,0.06514,0.06844,0.32373,0.99677,0.04575,0.04387,0.36834,0.99632
3.68000,3,3.21611,0,0.09422,0.07504,0.67634,0.99324,0.03910,0.03856,0.47274,0.99528,0.06525,0.06832,0.32435,0.99676,0.04604,0.04662,0.36876,0.99632
3.69000,3,3.41475,0,0.09843,0.07697,0.67704,0.99324,0.04104,0.04303,0.47313,0.99527,0.06856,0.07077,0.32500,0.99676,0.04858,0.04862,0.36920,0.99631
3.70000,3,3.70791,0,0.10474,0.08076,0.67777,0.99323,0.04441,0.04878,0.47357,0.99527,0.07385,0.07443,0.32567,0.99675,0.05251,0.05282,0.36968,0.99631
3.71000,3,4.02677,0,0.11167,0.08534,0.67854,0.99322,0.04832,0.05602,0.47407,0.99526,0.07990,0.07890,0.32639,0.99674,0.05694,0.05615,0.37018,0.99630
3.72000,3,4.31045,0,0.11791,0.09034,0.67936,0.99321,0.05207,0.06130,0.47463,0.99526,0.08557,0.08384,0.32715,0.99674,0.06110,0.05975,0.37073,0.99630
3.73000,3,4.51168,0,0.12247,0.09473,0.68021,0.99321,0.05489,0.06424,0.47521,0.99525,0.08999,0.08832,0.32795,0.99673,0.06430,0.06297,0.37130,0.99629
3.74000,3,4.60006,0,0.12470,0.09691,0.68109,0.99320,0.05628,0.06569,0.47580,0.99525,0.09251,0.09081,0.32878,0.99672,0.06606,0.06474,0.37188,0.99629
3.75000,3,4.56297,0,0.12420,0.09653,0.68197,0.99319,0.05618,0.06540,0.47640,0.99524,0.09268,0.09094,0.32960,0.99671,0.06617,0.06480,0.37247,0.99628
3.76000,3,4.40418,0,0.12105,0.09356,0.68281,0.99318,0.05432,0.06336,0.47697,0.99524,0.09046,0.08862,0.33041,0.99670,0.06454,0.06311,0.37304,0.99628
3.77000,3,4.14083,0,0.11552,0.08828,0.68361,0.99317,0.05095,0.05977,0.47751,0.99523,0.08600,0.08407,0.33117,0.99670,0.06134,0.05986,0.37359,0.99627
3.78000,3,3.79946,0,0.10818,0.08312,0.68436,0.99316,0.04632,0.05211,0.47798,0.99522,0.07974,0.07955,0.33190,0.99669,0.05689,0.05667,0.37410,0.99626
3.79000,3,3.41058,0,0.09967,0.07710,0.68506,0.99316,0.04084,0.04259,0.47836,0.99522,0.07223,0.07413,0.33257,0.99668,0.05159,0.05289,0.37458,0.99626
3.80000,3,3.00255,0,0.09061,0.07191,0.68571,0.99315,0.03503,0.03403,0.47867,0.99522,0.06401,0.06936,0.33320,0.99667,0.04585,0.04549,0.37499,0.99625
3.81000,3,2.59746,0,0.08146,0.06614,0.68631,0.99314,0.02954,0.02636,0.47891,0.99521,0.05550,0.06396,0.33378,0.99667,0.04001,0.03674,0.37532,0.99625
3.82000,3,2.21107,0,0.07271,0.06217,0.68687,0.99314,0.02400,0.02011,0.47909,0.99521,0.04721,0.05687,0.33429,0.99666,0.03425,0.02976,0.37559,0.99625
3.83000,3,1.85431,0,0.06461,0.06204,0.68742,0.99313,0.01896,0.01583,0.47923,0.99521,0.03939,0.04759,0.33472,0.99666,0.02880,0.02519,0.37581,0.99624
3.84000,3,1.53346,0,0.05607,0.05964,0.68796,0.99313,0.01760,0.01409,0.47935,0.99521,0.03142,0.03633,0.33505,0.99665,0.02457,0.02079,0.37600,0.99624
3.85000,3,1.25029,0,0.04957,0.05553,0.68846,0.99312,0.01387,0.01041,0.47944,0.99521,0.02482,0.02691,0.33530,0.99665,0.01978,0.01584,0.37614,0.99624
3.86000,3,1.00460,0,0.04290,0.05336,0.68894,0.99312,0.01207,0.01003,0.47953,0.99521,0.01882,0.02260,0.33550,0.99665,0.01605,0.01438,0.37627,0.99624
3.87000,3,0.79763,0,0.03442,0.04960,0.68939,0.99311,0.01242,0.01193,0.47963,0.99520,0.01565,0.02171,0.33569,0.99665,0.01488,0.01558,0.37641,0.99624
3.88000,3,0.63258,0,0.02780,0.04676,0.68981,0.99311,0.01122,0.01254,0.47974,0.99520,0.01279,0.02061,0.33588,0.99664,0.01258,0.01550,0.37655,0.99624
3.89000,3,0.51299,0,0.02421,0.04291,0.69019,0.99310,0.01026,0.01205,0.47985,0.99520,0.01069,0.01803,0.33604,0.99664,0.01071,0.01402,0.37667,0.99623
3.90000,3,0.44274,0,0.01801,0.03957,0.69055,0.99310,0.01035,0.01499,0.47998,0.99520,0.01064,0.02201,0.33624,0.99664,0.01067,0.01750,0.37683,0.99623
3.91000,3,0.42717,0,0.01539,0.03746,0.69088,0.99309,0.01037,0.01656,0.48013,0.99520,0.01062,0.02406,0.33645,0.99664,0.01066,0.01944,0.37700,0.99623
3.92000,3,0.47149,0,0.01576,0.03981,0.69124,0.99309,0.01036,0.01711,0.48028,0.99520,0.01061,0.02469,0.33667,0.99664,0.01066,0.02007,0.37718,0.99623
3.93000,3,0.57666,0,0.01921,0.04540,0.69165,0.99309,0.01030,0.01587,0.48042,0.99520,0.01056,0.02274,0.33688,0.99663,0.01060,0.01850,0.37734,0.99623
3.94000,3,0.73798,0,0.02546,0.04702,0.69207,0.99308,0.01097,0.01318,0.48053,0.99520,0.01202,0.02005,0.33706,0.99663,0.01216,0.01641,0.37749,0.99623
3.95000,3,0.94800,0,0.03155,0.05433,0.69256,0.99308,0.01026,0.01148,0.48063,0.99519,0.01074,0.01654,0.33721,0.99663,0.01074,0.01334,0.37761,0.99623
3.96000,3,1.19879,0,0.03628,0.05743,0.69308,0.99307,0.01119,0.01149,0.48073,0.99519,0.01301,0.01828,0.33737,0.99663,0.01288,0.01457,0.37774,0.99622
3.97000,3,1.48089,0,0.04503,0.05865,0.69360,0.99307,0.01071,0.00904,0.48081,0.99519,0.01367,0.01564,0.33751,0.99663,0.01295,0.01190,0.37784,0.99622
3.98000,3,1.78309,0,0.05097,0.06123,0.69416,0.99306,0.01118,0.00887,0.48089,0.99519,0.01622,0.01728,0.33766,0.99662,0.01478,0.01262,0.37795,0.99622
3.99000,3,2.09552,0,0.05660,0.06749,0.69476,0.99306,0.01161,0.01014,0.48098,0.99519,0.01900,0.02210,0.33786,0.99662,0.01666,0.01550,0.37809,0.99622
4.00000,3,2.41290,0,0.06156,0.07258,0.69542,0.99305,0.01236,0.01161,0.48108,0.99519,0.02188,0.02711,0.33811,0.99662,0.01874,0.01855,0.37826,0.99622
4.01000,3,2.73398,0,0.06645,0.07677,0.69611,0.99305,0.01297,0.01287,0.48119,0.99519,0.02469,0.03202,0.33840,0.99662,0.02068,0.02140,0.37845,0.99622
4.02000,3,3.05973,0,0.07078,0.08013,0.69684,0.99304,0.01429,0.01480,0.48132,0.99519,0.02727,0.03653,0.33873,0.99662,0.02280,0.02436,0.37867,0.99622
4.03000,3,3.39296,0,0.07522,0.08308,0.69759,0.99303,0.01550,0.01663,0.48147,0.99519,0.02977,0.04093,0.33910,0.99661,0.02477,0.02715,0.37891,0.99621
4.04000,3,3.73762,0,0.08039,0.08581,0.69837,0.99302,0.01544,0.01710,0.48162,0.99519,0.03261,0.04583,0.33951,0.99661,0.02648,0.02968,0.37918,0.99621
4.05000,3,4.09597,0,0.08518,0.08802,0.69916,0.99302,0.01636,0.01858,0.48178,0.99518,0.03519,0.05019,0.33996,0.99660,0.02843,0.03236,0.37947,0.99621
4.06000,3,4.46561,0,0.08978,0.08995,0.69998,0.99301,0.01811,0.02101,0.48197,0.99518,0.03749,0.05406,0.34045,0.99660,0.03041,0.03502,0.37979,0.99621
4.07000,3,4.83961,0,0.09450,0.09165,0.70080,0.99300,0.01962,0.02319,0.48218,0.99518,0.03977,0.05782,0.34098,0.99660,0.03230,0.03755,0.38013,0.99620
4.08000,3,5.20881,0,0.09932,0.08681,0.70159,0.99299,0.02068,0.02406,0.48239,0.99518,0.04202,0.07226,0.34163,0.99659,0.03407,0.03859,0.38047,0.99620
4.09000,3,5.56387,0,0.10446,0.09026,0.70241,0.99298,0.01954,0.02333,0.48260,0.99518,0.04453,0.07271,0.34229,0.99658,0.03579,0.04129,0.38085,0.99620
4.10000,3,5.89632,0,0.10831,0.09218,0.70324,0.99298,0.02238,0.02712,0.48284,0.99517,0.04582,0.07344,0.34296,0.99658,0.03710,0.04313,0.38124,0.99619
4.11000,3,6.19990,0,0.11218,0.09428,0.70409,0.99297,0.02330,0.02873,0.48310,0.99517,0.04718,0.07421,0.34363,0.99657,0.03829,0.04496,0.38164,0.99619
4.12000,3,6.47254,0,0.11610,0.09685,0.70497,0.99296,0.02211,0.02783,0.48335,0.99517,0.04866,0.07504,0.34432,0.99656,0.03936,0.04687,0.38207,0.99618
4.13000,3,6.71796,0,0.11935,0.09858,0.70586,0.99295,0.02247,0.02872,0.48361,0.99517,0.04957,0.07590,0.34500,0.99656,0.04020,0.04828,0.38250,0.99618
4.14000,3,6.94563,0,0.12229,0.10009,0.70677,0.99294,0.02317,0.03007,0.48388,0.99516,0.05025,0.07711,0.34570,0.99655,0.04085,0.04952,0.38295,0.99617
4.15000,3,7.16825,0,0.12537,0.10173,0.70769,0.99293,0.02345,0.03101,0.48416,0.99516,0.05103,0.07885,0.34642,0.99654,0.04159,0.05105,0.38341,0.99617
4.16000,3,7.39698,0,0.12822,0.10253,0.70862,0.99292,0.02581,0.03449,0.48447,0.99516,0.05152,0.08015,0.34715,0.99654,0.04229,0.05215,0.38389,0.99617
4.17000,3,7.63622,0,0.13205,0.10513,0.70957,0.99291,0.02443,0.03354,0.48477,0.99516,0.05282,0.08251,0.34790,0.99653,0.04329,0.05453,0.38438,0.99616
4.18000,3,7.87967,0,0.13562,0.10683,0.71054,0.99290,0.02522,0.03526,0.48508,0.99515,0.05381,0.08440,0.34866,0.99652,0.04423,0.05643,0.38489,0.99616
4.19000,3,8.10886,0,0.13920,0.10855,0.71152,0.99289,0.02566,0.03653,0.48541,0.99515,0.05484,0.08627,0.34945,0.99651,0.04521,0.05843,0.38542,0.99615
4.20000,3,8.29480,0,0.14220,0.10994,0.71252,0.99288,0.02618,0.03780,0.48575,0.99515,0.05555,0.08780,0.35024,0.99651,0.04595,0.05996,0.38596,0.99615
4.21000,3,8.40248,0,0.14419,0.11091,0.71352,0.99287,0.02624,0.03829,0.48610,0.99514,0.05582,0.08889,0.35105,0.99650,0.04632,0.06080,0.38651,0.99614
4.22000,3,8.39718,0,0.14455,0.11117,0.71453,0.99286,0.02592,0.03798,0.48644,0.99514,0.05531,0.08919,0.35186,0.99649,0.04605,0.06044,0.38706,0.99613
4.23000,3,8.25115,0,0.14278,0.11048,0.71553,0.99285,0.02515,0.03668,0.48677,0.99514,0.05383,0.08852,0.35267,0.99648,0.04495,0.05849,0.38759,0.99613
4.24000,3,7.94997,0,0.13863,0.10863,0.71651,0.99284,0.02368,0.03402,0.48707,0.99513,0.05131,0.08671,0.35345,0.99647,0.04294,0.05482,0.38809,0.99612
4.25000,3,7.49912,0,0.13216,0.10572,0.71747,0.99283,0.02135,0.03022,0.48735,0.99513,0.04782,0.08636,0.35424,0.99647,0.04010,0.05009,0.38854,0.99612
4.26000,3,6.93003,0,0.12349,0.11247,0.71849,0.99283,0.01919,0.02802,0.48760,0.99513,0.04337,0.06652,0.35484,0.99646,0.03641,0.04682,0.38896,0.99611
4.27000,3,6.30208,0,0.11370,0.11058,0.71949,0.99282,0.01674,0.02406,0.48781,0.99512,0.03859,0.05789,0.35537,0.99645,0.03241,0.04074,0.38933,0.99611
4.28000,3,5.69728,0,0.10392,0.10697,0.72046,0.99281,0.01477,0.02057,0.48799,0.99512,0.03399,0.04906,0.35581,0.99645,0.02855,0.03449,0.38964,0.99611
4.29000,3,5.20810,0,0.09557,0.10254,0.72139,0.99280,0.01368,0.01828,0.48816,0.99512,0.03021,0.04157,0.35619,0.99644,0.02540,0.02919,0.38991,0.99610
4.30000,3,4.92203,0,0.08957,0.09875,0.72228,0.99279,0.01474,0.01899,0.48833,0.99512,0.02765,0.03642,0.35651,0.99644,0.02375,0.02607,0.39014,0.99610
4.31000,3,4.90868,0,0.08846,0.09810,0.72317,0.99278,0.01498,0.01920,0.48850,0.99512,0.02743,0.03567,0.35684,0.99643,0.02356,0.02547,0.39037,0.99610
4.32000,3,5.21190,0,0.09257,0.10100,0.72409,0.99277,0.01595,0.02109,0.48868,0.99512,0.02937,0.03910,0.35719,0.99643,0.02505,0.02765,0.39062,0.99610
4.33000,3,5.84419,0,0.10279,0.10714,0.72506,0.99276,0.01601,0.02250,0.48888,0.99511,0.03390,0.04757,0.35762,0.99643,0.02820,0.03277,0.39091,0.99609
4.34000,3,6.77998,0,0.11745,0.11384,0.72609,0.99275,0.01888,0.02824,0.48914,0.99511,0.03982,0.05897,0.35815,0.99642,0.03306,0.04054,0.39128,0.99609
4.35000,3,7.95143,0,0.13631,0.11936,0.72717,0.99274,0.02321,0.03649,0.48947,0.99511,0.04693,0.07233,0.35881,0.99642,0.03901,0.04987,0.39173,0.99609
4.36000,3,9.25324,0,0.15822,0.12815,0.72833,0.99273,0.02803,0.04742,0.48989,0.99511,0.05489,0.08211,0.35956,0.99641,0.04575,0.06256,0.39230,0.99608
4.37000,3,10.55707,0,0.18137,0.14076,0.72961,0.99272,0.03285,0.06116,0.49045,0.99510,0.06310,0.08950,0.36037,0.99640,0.05285,0.07492,0.39298,0.99608
4.38000,3,11.73031,0,0.20350,0.15415,0.73101,0.99270,0.03772,0.07707,0.49114,0.99510,0.07083,0.09733,0.36125,0.99640,0.05972,0.08204,0.39372,0.99607
4.39000,3,12.65226,0,0.22254,0.16427,0.73250,0.99269,0.04205,0.09175,0.49198,0.99509,0.07757,0.10306,0.36219,0.99639,0.06592,0.08760,0.39451,0.99606
4.40000,3,13.22429,0,0.23636,0.17014,0.73404,0.99268,0.04608,0.10434,0.49292,0.99508,0.08262,0.10611,0.36315,0.99638,0.07086,0.09105,0.39534,0.99605
4.41000,3,13.37692,0,0.24342,0.17224,0.73561,0.99266,0.04900,0.11254,0.49395,0.99507,0.08559,0.10684,0.36413,0.99637,0.07412,0.09261,0.39618,0.99605
4.42000,3,13.07898,0,0.24248,0.17110,0.73716,0.99264,0.05063,0.11428,0.49498,0.99506,0.08595,0.10570,0.36509,0.99636,0.07512,0.09251,0.39702,0.99604
4.43000,3,12.34715,0,0.23329,0.16479,0.73866,0.99263,0.05038,0.11028,0.49598,0.99505,0.08342,0.10166,0.36601,0.99635,0.07351,0.08965,0.39784,0.99603
4.44000,3,11.24683,0,0.21643,0.15532,0.74007,0.99261,0.04813,0.10023,0.49689,0.99504,0.07796,0.09568,0.36688,0.99634,0.06916,0.08489,0.39861,0.99602
4.45000,3,9.88119,0,0.19349,0.14343,0.74137,0.99260,0.04381,0.08437,0.49766,0.99503,0.06994,0.08821,0.36768,0.99633,0.06234,0.07861,0.39932,0.99601
4.46000,3,8.37573,0,0.16673,0.12838,0.74253,0.99259,0.03786,0.06536,0.49825,0.99502,0.06013,0.07876,0.36839,0.99632,0.05375,0.07038,0.39996,0.99601
4.47000,3,6.86560,0,0.13882,0.11468,0.74357,0.99257,0.03124,0.04823,0.49869,0.99502,0.04966,0.06963,0.36903,0.99632,0.04445,0.05574,0.40046,0.99600
4.48000,3,5.48625,0,0.11255,0.10858,0.74455,0.99256,0.02510,0.03674,0.49902,0.99501,0.03978,0.05258,0.36950,0.99631,0.03562,0.04206,0.40084,0.99600
4.49000,3,4.36334,0,0.08991,0.09681,0.74543,0.99255,0.02176,0.02843,0.49927,0.99501,0.03154,0.03698,0.36984,0.99630,0.02859,0.02988,0.40111,0.99599
4.50000,3,3.59860,0,0.07454,0.08556,0.74620,0.99255,0.01861,0.02153,0.49946,0.99501,0.02617,0.02699,0.37008,0.99630,0.02376,0.02176,0.40131,0.99599
4.51000,3,3.25415,0,0.06688,0.07933,0.74692,0.99254,0.01784,0.01917,0.49963,0.99501,0.02391,0.02268,0.37028,0.99630,0.02180,0.01833,0.40147,0.99599
4.52000,3,3.34454,0,0.06814,0.08071,0.74765,0.99253,0.01859,0.02036,0.49981,0.99500,0.02470,0.02365,0.37049,0.99630,0.02235,0.01895,0.40164,0.99599
4.53000,3,3.84132,0,0.07735,0.08838,0.74845,0.99252,0.02149,0.02584,0.50004,0.99500,0.02827,0.02942,0.37076,0.99630,0.02543,0.02343,0.40185,0.99598
4.54000,3,4.68262,0,0.09323,0.09831,0.74934,0.99252,0.02677,0.03591,0.50037,0.99500,0.03424,0.03933,0.37111,0.99629,0.03098,0.03153,0.40213,0.99598
4.55000,3,5.77895,0,0.11625,0.10850,0.75032,0.99251,0.03228,0.04792,0.50080,0.99500,0.04202,0.05276,0.37159,0.99629,0.03779,0.04222,0.40251,0.99598
4.56000,3,7.01813,0,0.14321,0.11643,0.75137,0.99250,0.03838,0.06133,0.50135,0.99499,0.05097,0.06664,0.37220,0.99628,0.04571,0.05462,0.40301,0.99597
4.57000,3,8.27596,0,0.17192,0.12921,0.75255,0.99249,0.04604,0.08190,0.50210,0.99499,0.06047,0.07313,0.37286,0.99628,0.05469,0.06617,0.40361,0.99597
4.58000,3,9.43268,0,0.20027,0.14632,0.75387,0.99247,0.05404,0.10103,0.50301,0.99498,0.06980,0.08181,0.37360,0.99627,0.06380,0.07492,0.40429,0.99596
4.59000,3,10.38924,0,0.22603,0.16599,0.75538,0.99246,0.06199,0.11496,0.50406,0.99497,0.07833,0.09179,0.37444,0.99626,0.07248,0.08511,0.40506,0.99596
4.60000,3,11.07744,0,0.24729,0.18252,0.75704,0.99245,0.06954,0.12677,0.50521,0.99496,0.08549,0.09987,0.37534,0.99626,0.08020,0.09384,0.40591,0.99595
4.61000,3,11.46198,0,0.26275,0.19520,0.75881,0.99243,0.07621,0.13596,0.50644,0.99495,0.09089,0.10565,0.37630,0.99625,0.08651,0.10073,0.40683,0.99594
4.62000,3,11.53830,0,0.27160,0.20349,0.76066,0.99241,0.08165,0.14211,0.50773,0.99494,0.09426,0.10890,0.37729,0.99624,0.09104,0.10546,0.40778,0.99593
4.63000,3,11.33120,0,0.27282,0.20624,0.76253,0.99239,0.08475,0.14440,0.50905,0.99492,0.09681,0.10958,0.37829,0.99623,0.09304,0.10738,0.40876,0.99592
4.64000,3,10.89304,0,0.26719,0.20377,0.76438,0.99237,0.08546,0.14302,0.51035,0.99491,0.09849,0.10792,0.37927,0.99622,0.09258,0.10658,0.40973,0.99591
4.65000,3,10.29622,0,0.25696,0.19787,0.76618,0.99236,0.08459,0.13921,0.51161,0.99490,0.09830,0.10438,0.38022,0.99621,0.09043,0.10392,0.41067,0.99590
4.66000,3,9.61972,0,0.24386,0.18974,0.76790,0.99234,0.08241,0.13380,0.51283,0.99488,0.09664,0.09961,0.38112,0.99620,0.08703,0.09999,0.41158,0.99589
4.67000,3,8.93570,0,0.22981,0.18066,0.76954,0.99232,0.07961,0.12766,0.51399,0.99487,0.09419,0.09429,0.38198,0.99619,0.08304,0.09544,0.41245,0.99588
4.68000,3,8.30082,0,0.21625,0.17173,0.77110,0.99230,0.07660,0.12158,0.51509,0.99486,0.09150,0.08905,0.38279,0.99618,0.07898,0.09087,0.41327,0.99588
4.69000,3,7.75275,0,0.20430,0.16393,0.77259,0.99229,0.07378,0.11629,0.51615,0.99485,0.08911,0.08436,0.38355,0.99617,0.07528,0.08683,0.41406,0.99587
4.70000,3,7.30993,0,0.19461,0.15784,0.77402,0.99227,0.07146,0.11217,0.51716,0.99484,0.08738,0.08055,0.38428,0.99616,0.07223,0.08363,0.41482,0.99586
4.71000,3,6.97376,0,0.18740,0.15371,0.77542,0.99226,0.06979,0.10942,0.51816,0.99483,0.08653,0.07771,0.38499,0.99616,0.06995,0.08144,0.41556,0.99585
4.72000,3,6.73238,0,0.18249,0.15154,0.77679,0.99225,0.06875,0.10807,0.51914,0.99482,0.08661,0.07581,0.38568,0.99615,0.06840,0.08027,0.41628,0.99584
4.73000,3,6.56606,0,0.17945,0.15097,0.77816,0.99223,0.06827,0.10785,0.52012,0.99481,0.08752,0.07467,0.38635,0.99614,0.06749,0.07992,0.41701,0.99584
4.74000,3,6.45335,0,0.17779,0.15163,0.77954,0.99222,0.06822,0.10850,0.52110,0.99480,0.08912,0.07409,0.38703,0.99614,0.06706,0.08023,0.41774,0.99583
4.75000,3,6.37716,0,0.17710,0.15321,0.78093,0.99220,0.06847,0.10983,0.52210,0.99479,0.09128,0.07390,0.38770,0.99613,0.06696,0.08104,0.41847,0.99582
4.76000,3,6.32914,0,0.17718,0.15542,0.78234,0.99219,0.06895,0.11160,0.52311,0.99478,0.09397,0.07401,0.38837,0.99612,0.06711,0.08218,0.41922,0.99582
4.77000,3,6.31094,0,0.17808,0.15852,0.78378,0.99218,0.06974,0.11402,0.52414,0.99477,0.09723,0.07447,0.38904,0.99612,0.06761,0.08380,0.41998,0.99581
4.78000,3,6.33186,0,0.18012,0.16283,0.78525,0.99216,0.07088,0.11732,0.52521,0.99476,0.10130,0.07539,0.38973,0.99611,0.06848,0.08607,0.42076,0.99580
4.79000,3,6.40348,0,0.18364,0.16876,0.78679,0.99215,0.07256,0.12182,0.52632,0.99475,0.10643,0.07693,0.39043,0.99610,0.06992,0.08923,0.42157,0.99579
4.80000,3,6.53330,0,0.18887,0.17701,0.78839,0.99213,0.07492,0.12800,0.52748,0.99474,0.11285,0.07920,0.39114,0.99610,0.07208,0.09364,0.42242,0.99578
4.81000,3,6.71975,0,0.19586,0.18752,0.79010,0.99212,0.07790,0.13586,0.52871,0.99473,0.12072,0.08219,0.39189,0.99609,0.07486,0.09930,0.42332,0.99578
4.82000,3,6.95039,0,0.20425,0.20010,0.79191,0.99210,0.08152,0.14524,0.53003,0.99471,0.12994,0.08575,0.39267,0.99608,0.07829,0.10610,0.42428,0.99577
4.83000,3,7.20304,0,0.21344,0.21432,0.79386,0.99208,0.08558,0.15584,0.53145,0.99470,0.14022,0.08961,0.39348,0.99607,0.08216,0.11383,0.42532,0.99576
4.84000,3,7.44870,0,0.22277,0.22914,0.79594,0.99206,0.08936,0.16694,0.53297,0.99469,0.15129,0.09338,0.39433,0.99607,0.08553,0.12196,0.42643,0.99575
4.85000,3,7.65481,0,0.23080,0.24369,0.79816,0.99204,0.09314,0.17787,0.53458,0.99467,0.16194,0.09664,0.39521,0.99606,0.08902,0.13004,0.42761,0.99574
4.86000,3,7.78876,0,0.23686,0.25698,0.80049,0.99202,0.09626,0.18792,0.53629,0.99465,0.17176,0.09887,0.39611,0.99605,0.09183,0.13751,0.42886,0.99572
4.87000,3,7.82259,0,0.23983,0.26782,0.80293,0.99200,0.09845,0.19621,0.53808,0.99464,0.17966,0.09963,0.39701,0.99604,0.09388,0.14372,0.43017,0.99571
4.88000,3,7.73936,0,0.23928,0.27394,0.80542,0.99197,0.09906,0.20105,0.53990,0.99462,0.18505,0.09882,0.39791,0.99603,0.09415,0.14743,0.43151,0.99570
4.89000,3,7.53849,0,0.23496,0.27465,0.80792,0.99195,0.09820,0.20191,0.54174,0.99460,0.18735,0.09650,0.39878,0.99602,0.09306,0.14820,0.43285,0.99568
4.90000,3,7.23625,0,0.22738,0.27130,0.81038,0.99192,0.09577,0.19978,0.54356,0.99458,0.18668,0.09260,0.39963,0.99601,0.09034,0.14673,0.43419,0.99567
4.91000,3,6.86125,0,0.21716,0.26456,0.81279,0.99190,0.09222,0.19511,0.54533,0.99456,0.18330,0.08748,0.40042,0.99600,0.08674,0.14337,0.43549,0.99566
4.92000,3,6.44889,0,0.20545,0.25526,0.81511,0.99187,0.08786,0.18851,0.54705,0.99455,0.17803,0.08168,0.40116,0.99600,0.08242,0.13856,0.43675,0.99565
4.93000,3,6.03699,0,0.19344,0.24458,0.81733,0.99185,0.08317,0.18084,0.54869,0.99453,0.17185,0.07582,0.40185,0.99599,0.07787,0.13291,0.43796,0.99563
4.94000,3,5.66196,0,0.18230,0.23457,0.81946,0.99183,0.07866,0.17362,0.55027,0.99451,0.16585,0.07027,0.40249,0.99598,0.07355,0.12758,0.43912,0.99562
4.95000,3,5.35425,0,0.17303,0.22666,0.82152,0.99181,0.07477,0.16793,0.55180,0.99450,0.16106,0.06543,0.40308,0.99598,0.06988,0.12337,0.44024,0.99561
4.96000,3,5.13366,0,0.16630,0.22210,0.82354,0.99178,0.07183,0.16470,0.55329,0.99448,0.15828,0.06152,0.40364,0.99597,0.06716,0.12095,0.44134,0.99560
4.97000,3,5.00596,0,0.16233,0.22188,0.82556,0.99176,0.06995,0.16468,0.55479,0.99447,0.15792,0.05839,0.40416,0.99596,0.06549,0.12090,0.44244,0.99559
4.98000,3,4.96222,0,0.16088,0.22542,0.82760,0.99174,0.06907,0.16744,0.55631,0.99445,0.15997,0.05606,0.40467,0.99596,0.06480,0.12289,0.44355,0.99558
4.99000,3,4.98119,0,0.16132,0.23204,0.82971,0.99172,0.06894,0.17253,0.55788,0.99444,0.16398,0.05419,0.40516,0.99595,0.06485,0.12659,0.44470,0.99556
5.00000,3,5.03327,0,0.16274,0.24062,0.83190,0.99170,0.06921,0.17906,0.55951,0.99442,0.16918,0.05236,0.40564,0.99595,0.06528,0.13136,0.44590,0.99555
