frame,elbow_deg,msho_x,msho_y,msho_z,melb_x,melb_y,melb_z,mwri_x,mwri_y,mwri_z
0,28.82,0.01983,1.39276,-0.14938,-0.09281,1.15137,-0.03528,-0.23199,1.06857,0.12717
1,28.72,0.01983,1.39276,-0.14938,-0.09259,1.15096,-0.03574,-0.23168,1.06727,0.12633
2,28.55,0.01983,1.39276,-0.14938,-0.09229,1.15039,-0.03636,-0.23126,1.06540,0.12512
3,28.31,0.01983,1.39276,-0.14938,-0.09191,1.14966,-0.03718,-0.23069,1.06289,0.12348
4,27.98,0.01983,1.39276,-0.14938,-0.09142,1.14874,-0.03821,-0.22996,1.05968,0.12137
5,27.56,0.01983,1.39276,-0.14938,-0.09082,1.14765,-0.03946,-0.22906,1.05576,0.11875
6,27.06,0.01983,1.39276,-0.14938,-0.09012,1.14637,-0.04094,-0.22796,1.05111,0.11557
7,26.46,0.01983,1.39276,-0.14938,-0.08930,1.14493,-0.04264,-0.22665,1.04580,0.11184
8,25.77,0.01983,1.39276,-0.14938,-0.08839,1.14335,-0.04455,-0.22514,1.03989,0.10756
9,25.01,0.01983,1.39276,-0.14938,-0.08738,1.14165,-0.04664,-0.22342,1.03349,0.10275
10,24.19,0.01983,1.39276,-0.14938,-0.08630,1.13986,-0.04888,-0.22150,1.02673,0.09747
11,23.32,0.01983,1.39276,-0.14938,-0.08515,1.13803,-0.05125,-0.21941,1.01975,0.09180
12,22.41,0.01983,1.39276,-0.14938,-0.08397,1.13619,-0.05368,-0.21718,1.01270,0.08583
13,21.48,0.01983,1.39276,-0.14938,-0.08277,1.13438,-0.05614,-0.21484,1.00573,0.07966
14,20.56,0.01983,1.39276,-0.14938,-0.08158,1.13263,-0.05857,-0.21244,0.99897,0.07341
15,19.65,0.01983,1.39276,-0.14938,-0.08042,1.13098,-0.06094,-0.21003,0.99254,0.06720
16,18.77,0.01983,1.39276,-0.14938,-0.07930,1.12944,-0.06320,-0.20766,0.98652,0.06115
17,17.94,0.01983,1.39276,-0.14938,-0.07825,1.12802,-0.06533,-0.20537,0.98099,0.05536
18,17.15,0.01983,1.39276,-0.14938,-0.07728,1.12675,-0.06729,-0.20319,0.97597,0.04992
19,16.42,0.01983,1.39276,-0.14938,-0.07640,1.12562,-0.06906,-0.20117,0.97148,0.04487
20,15.76,0.01983,1.39276,-0.14938,-0.07561,1.12463,-0.07065,-0.19932,0.96752,0.04028
21,15.16,0.01983,1.39276,-0.14938,-0.07492,1.12377,-0.07205,-0.19764,0.96406,0.03614
22,14.62,0.01983,1.39276,-0.14938,-0.07431,1.12303,-0.07327,-0.19615,0.96105,0.03247
23,14.13,0.01983,1.39276,-0.14938,-0.07378,1.12240,-0.07433,-0.19482,0.95846,0.02922
24,13.70,0.01983,1.39276,-0.14938,-0.07332,1.12186,-0.07524,-0.19366,0.95622,0.02636
25,13.32,0.01983,1.39276,-0.14938,-0.07293,1.12140,-0.07602,-0.19264,0.95429,0.02385
26,12.97,0.01983,1.39276,-0.14938,-0.07259,1.12101,-0.07670,-0.19173,0.95261,0.02163
27,12.67,0.01983,1.39276,-0.14938,-0.07229,1.12067,-0.07730,-0.19093,0.95113,0.01965
28,12.38,0.01983,1.39276,-0.14938,-0.07202,1.12036,-0.07783,-0.19019,0.94981,0.01786
29,12.12,0.01983,1.39276,-0.14938,-0.07178,1.12009,-0.07832,-0.18952,0.94861,0.01621
30,11.88,0.01983,1.39276,-0.14938,-0.07156,1.11983,-0.07876,-0.18890,0.94751,0.01468
31,11.65,0.01983,1.39276,-0.14938,-0.07135,1.11960,-0.07918,-0.18830,0.94647,0.01323
32,11.43,0.01983,1.39276,-0.14938,-0.07115,1.11937,-0.07958,-0.18774,0.94550,0.01185
33,11.22,0.01983,1.39276,-0.14938,-0.07095,1.11916,-0.07997,-0.18719,0.94458,0.01053
34,11.02,0.01983,1.39276,-0.14938,-0.07077,1.11896,-0.08033,-0.18668,0.94370,0.00927
35,10.83,0.01983,1.39276,-0.14938,-0.07060,1.11877,-0.08068,-0.18618,0.94288,0.00807
36,10.66,0.01983,1.39276,-0.14938,-0.07043,1.11859,-0.08100,-0.18571,0.94211,0.00694
37,10.49,0.01983,1.39276,-0.14938,-0.07028,1.11842,-0.08131,-0.18528,0.94140,0.00589
38,10.35,0.01983,1.39276,-0.14938,-0.07014,1.11827,-0.08159,-0.18487,0.94075,0.00492
39,10.21,0.01983,1.39276,-0.14938,-0.07001,1.11813,-0.08184,-0.18451,0.94017,0.00405
40,10.10,0.01983,1.39276,-0.14938,-0.06989,1.11800,-0.08208,-0.18418,0.93966,0.00327
41,10.00,0.01983,1.39276,-0.14938,-0.06979,1.11789,-0.08228,-0.18390,0.93921,0.00259
42,9.92,0.01983,1.39276,-0.14938,-0.06969,1.11779,-0.08247,-0.18365,0.93883,0.00201
43,9.85,0.01983,1.39276,-0.14938,-0.06961,1.11770,-0.08264,-0.18343,0.93850,0.00151
44,9.81,0.01983,1.39276,-0.14938,-0.06953,1.11762,-0.08279,-0.18325,0.93822,0.00108
45,9.77,0.01983,1.39276,-0.14938,-0.06946,1.11754,-0.08293,-0.18309,0.93799,0.00071
46,9.74,0.01983,1.39276,-0.14938,-0.06939,1.11747,-0.08306,-0.18294,0.93778,0.00039
47,9.72,0.01983,1.39276,-0.14938,-0.06933,1.11740,-0.08320,-0.18280,0.93758,0.00008
48,9.70,0.01983,1.39276,-0.14938,-0.06926,1.11732,-0.08334,-0.18265,0.93739,-0.00022
49,9.69,0.01983,1.39276,-0.14938,-0.06918,1.11724,-0.08348,-0.18250,0.93718,-0.00054
50,9.66,0.01983,1.39276,-0.14938,-0.06910,1.11716,-0.08364,-0.18234,0.93695,-0.00090
51,9.63,0.01983,1.39276,-0.14938,-0.06901,1.11706,-0.08382,-0.18215,0.93669,-0.00131
52,9.60,0.01983,1.39276,-0.14938,-0.06891,1.11696,-0.08402,-0.18193,0.93638,-0.00179
53,9.54,0.01983,1.39276,-0.14938,-0.06880,1.11684,-0.08424,-0.18168,0.93603,-0.00235
54,9.48,0.01983,1.39276,-0.14938,-0.06867,1.11671,-0.08449,-0.18139,0.93562,-0.00300
55,9.40,0.01983,1.39276,-0.14938,-0.06854,1.11657,-0.08476,-0.18106,0.93516,-0.00373
56,9.31,0.01983,1.39276,-0.14938,-0.06838,1.11641,-0.08506,-0.18069,0.93464,-0.00457
57,9.20,0.01983,1.39276,-0.14938,-0.06822,1.11624,-0.08539,-0.18029,0.93406,-0.00550
58,9.09,0.01983,1.39276,-0.14938,-0.06804,1.11605,-0.08575,-0.17984,0.93342,-0.00652
59,8.96,0.01983,1.39276,-0.14938,-0.06784,1.11585,-0.08615,-0.17935,0.93274,-0.00763
60,8.83,0.01983,1.39276,-0.14938,-0.06762,1.11563,-0.08657,-0.17882,0.93202,-0.00882
61,8.70,0.01983,1.39276,-0.14938,-0.06738,1.11539,-0.08704,-0.17826,0.93126,-0.01008
62,8.57,0.01983,1.39276,-0.14938,-0.06713,1.11513,-0.08754,-0.17767,0.93047,-0.01139
63,8.45,0.01983,1.39276,-0.14938,-0.06685,1.11486,-0.08808,-0.17704,0.92966,-0.01276
64,8.35,0.01983,1.39276,-0.14938,-0.06656,1.11456,-0.08867,-0.17640,0.92884,-0.01415
65,8.26,0.01983,1.39276,-0.14938,-0.06624,1.11425,-0.08930,-0.17574,0.92801,-0.01556
66,8.20,0.01983,1.39276,-0.14938,-0.06590,1.11392,-0.08997,-0.17506,0.92720,-0.01697
67,8.17,0.01983,1.39276,-0.14938,-0.06554,1.11357,-0.09068,-0.17438,0.92640,-0.01837
68,8.16,0.01983,1.39276,-0.14938,-0.06516,1.11321,-0.09143,-0.17369,0.92562,-0.01973
69,8.19,0.01983,1.39276,-0.14938,-0.06476,1.11283,-0.09221,-0.17302,0.92489,-0.02104
70,8.26,0.01983,1.39276,-0.14938,-0.06435,1.11245,-0.09302,-0.17236,0.92419,-0.02228
71,8.36,0.01983,1.39276,-0.14938,-0.06393,1.11206,-0.09384,-0.17173,0.92356,-0.02343
72,8.50,0.01983,1.39276,-0.14938,-0.06350,1.11167,-0.09468,-0.17114,0.92298,-0.02448
73,8.68,0.01983,1.39276,-0.14938,-0.06308,1.11129,-0.09551,-0.17058,0.92248,-0.02540
74,8.89,0.01983,1.39276,-0.14938,-0.06266,1.11092,-0.09632,-0.17009,0.92206,-0.02618
75,9.12,0.01983,1.39276,-0.14938,-0.06226,1.11056,-0.09709,-0.16965,0.92173,-0.02681
76,9.38,0.01983,1.39276,-0.14938,-0.06189,1.11024,-0.09783,-0.16929,0.92149,-0.02727
77,9.67,0.01983,1.39276,-0.14938,-0.06155,1.10994,-0.09849,-0.16901,0.92136,-0.02754
78,9.97,0.01983,1.39276,-0.14938,-0.06124,1.10968,-0.09909,-0.16881,0.92134,-0.02762
79,10.28,0.01983,1.39276,-0.14938,-0.06098,1.10946,-0.09959,-0.16871,0.92143,-0.02750
80,10.60,0.01983,1.39276,-0.14938,-0.06077,1.10928,-0.10000,-0.16871,0.92163,-0.02718
81,10.93,0.01983,1.39276,-0.14938,-0.06062,1.10915,-0.10031,-0.16880,0.92194,-0.02668
82,11.25,0.01983,1.39276,-0.14938,-0.06051,1.10906,-0.10051,-0.16898,0.92235,-0.02599
83,11.56,0.01983,1.39276,-0.14938,-0.06047,1.10902,-0.10060,-0.16925,0.92285,-0.02513
84,11.86,0.01983,1.39276,-0.14938,-0.06047,1.10903,-0.10060,-0.16959,0.92344,-0.02414
85,12.15,0.01983,1.39276,-0.14938,-0.06052,1.10907,-0.10050,-0.17000,0.92409,-0.02303
86,12.42,0.01983,1.39276,-0.14938,-0.06061,1.10915,-0.10031,-0.17046,0.92480,-0.02184
87,12.66,0.01983,1.39276,-0.14938,-0.06074,1.10925,-0.10007,-0.17095,0.92553,-0.02061
88,12.89,0.01983,1.39276,-0.14938,-0.06090,1.10938,-0.09977,-0.17146,0.92627,-0.01937
89,13.08,0.01983,1.39276,-0.14938,-0.06107,1.10953,-0.09943,-0.17197,0.92699,-0.01815
90,13.24,0.01983,1.39276,-0.14938,-0.06124,1.10968,-0.09909,-0.17245,0.92768,-0.01701
91,13.38,0.01983,1.39276,-0.14938,-0.06142,1.10983,-0.09874,-0.17291,0.92831,-0.01596
92,13.49,0.01983,1.39276,-0.14938,-0.06159,1.10998,-0.09841,-0.17332,0.92887,-0.01503
93,13.58,0.01983,1.39276,-0.14938,-0.06174,1.11011,-0.09812,-0.17367,0.92936,-0.01423
94,13.65,0.01983,1.39276,-0.14938,-0.06187,1.11022,-0.09787,-0.17397,0.92976,-0.01356
95,13.72,0.01983,1.39276,-0.14938,-0.06196,1.11030,-0.09768,-0.17421,0.93009,-0.01301
96,13.78,0.01983,1.39276,-0.14938,-0.06203,1.11036,-0.09755,-0.17439,0.93037,-0.01257
97,13.87,0.01983,1.39276,-0.14938,-0.06207,1.11039,-0.09748,-0.17454,0.93061,-0.01219
98,13.98,0.01983,1.39276,-0.14938,-0.06207,1.11039,-0.09748,-0.17466,0.93086,-0.01182
99,14.15,0.01983,1.39276,-0.14938,-0.06204,1.11037,-0.09753,-0.17479,0.93115,-0.01139
100,14.38,0.01983,1.39276,-0.14938,-0.06199,1.11032,-0.09764,-0.17494,0.93154,-0.01084
101,14.72,0.01983,1.39276,-0.14938,-0.06191,1.11025,-0.09779,-0.17515,0.93208,-0.01006
102,15.17,0.01983,1.39276,-0.14938,-0.06181,1.11017,-0.09797,-0.17546,0.93285,-0.00898
103,15.76,0.01983,1.39276,-0.14938,-0.06171,1.11008,-0.09818,-0.17588,0.93392,-0.00749
104,16.52,0.01983,1.39276,-0.14938,-0.06160,1.10999,-0.09839,-0.17646,0.93538,-0.00550
105,17.48,0.01983,1.39276,-0.14938,-0.06149,1.10989,-0.09860,-0.17722,0.93730,-0.00294
106,18.65,0.01983,1.39276,-0.14938,-0.06139,1.10981,-0.09880,-0.17819,0.93979,0.00028
107,20.05,0.01983,1.39276,-0.14938,-0.06131,1.10973,-0.09896,-0.17936,0.94294,0.00419
108,21.71,0.01983,1.39276,-0.14938,-0.06124,1.10968,-0.09909,-0.18073,0.94685,0.00883
109,23.62,0.01983,1.39276,-0.14938,-0.06120,1.10964,-0.09918,-0.18230,0.95163,0.01418
110,25.80,0.01983,1.39276,-0.14938,-0.06118,1.10963,-0.09921,-0.18403,0.95737,0.02022
111,28.25,0.01983,1.39276,-0.14938,-0.06119,1.10964,-0.09918,-0.18588,0.96416,0.02687
112,30.96,0.01983,1.39276,-0.14938,-0.06124,1.10968,-0.09909,-0.18779,0.97207,0.03401
113,33.91,0.01983,1.39276,-0.14938,-0.06132,1.10974,-0.09894,-0.18969,0.98115,0.04151
114,37.10,0.01983,1.39276,-0.14938,-0.06143,1.10984,-0.09872,-0.19150,0.99143,0.04920
115,40.48,0.01983,1.39276,-0.14938,-0.06158,1.10997,-0.09844,-0.19315,1.00288,0.05689
116,44.04,0.01983,1.39276,-0.14938,-0.06176,1.11012,-0.09808,-0.19455,1.01545,0.06438
117,47.75,0.01983,1.39276,-0.14938,-0.06197,1.11031,-0.09767,-0.19563,1.02904,0.07147
118,51.56,0.01983,1.39276,-0.14938,-0.06222,1.11052,-0.09719,-0.19634,1.04352,0.07800
119,55.45,0.01983,1.39276,-0.14938,-0.06250,1.11077,-0.09664,-0.19662,1.05873,0.08379
120,59.38,0.01983,1.39276,-0.14938,-0.06280,1.11104,-0.09604,-0.19646,1.07448,0.08873
121,63.31,0.01983,1.39276,-0.14938,-0.06314,1.11135,-0.09538,-0.19583,1.09058,0.09272
122,67.23,0.01983,1.39276,-0.14938,-0.06351,1.11168,-0.09466,-0.19476,1.10683,0.09573
123,71.09,0.01983,1.39276,-0.14938,-0.06390,1.11204,-0.09389,-0.19325,1.12305,0.09773
124,74.89,0.01983,1.39276,-0.14938,-0.06432,1.11242,-0.09307,-0.19134,1.13907,0.09874
125,78.60,0.01983,1.39276,-0.14938,-0.06476,1.11283,-0.09220,-0.18907,1.15472,0.09881
126,82.20,0.01983,1.39276,-0.14938,-0.06522,1.11327,-0.09130,-0.18648,1.16990,0.09800
127,85.70,0.01983,1.39276,-0.14938,-0.06569,1.11372,-0.09038,-0.18363,1.18448,0.09638
128,89.07,0.01983,1.39276,-0.14938,-0.06617,1.11418,-0.08943,-0.18056,1.19838,0.09404
129,92.31,0.01983,1.39276,-0.14938,-0.06665,1.11466,-0.08848,-0.17732,1.21154,0.09107
130,95.42,0.01983,1.39276,-0.14938,-0.06713,1.11513,-0.08754,-0.17396,1.22390,0.08757
131,98.40,0.01983,1.39276,-0.14938,-0.06760,1.11561,-0.08661,-0.17052,1.23543,0.08362
132,101.23,0.01983,1.39276,-0.14938,-0.06805,1.11607,-0.08572,-0.16705,1.24611,0.07932
133,103.92,0.01983,1.39276,-0.14938,-0.06848,1.11651,-0.08488,-0.16358,1.25593,0.07476
134,106.46,0.01983,1.39276,-0.14938,-0.06887,1.11692,-0.08410,-0.16016,1.26487,0.07004
135,108.84,0.01983,1.39276,-0.14938,-0.06923,1.11729,-0.08339,-0.15683,1.27293,0.06525
136,111.07,0.01983,1.39276,-0.14938,-0.06954,1.11763,-0.08277,-0.15363,1.28014,0.06047
137,113.12,0.01983,1.39276,-0.14938,-0.06981,1.11791,-0.08224,-0.15060,1.28649,0.05580
138,114.98,0.01983,1.39276,-0.14938,-0.07003,1.11815,-0.08181,-0.14778,1.29202,0.05134
139,116.66,0.01983,1.39276,-0.14938,-0.07019,1.11833,-0.08147,-0.14519,1.29675,0.04716
140,118.14,0.01983,1.39276,-0.14938,-0.07031,1.11846,-0.08124,-0.14289,1.30071,0.04336
141,119.41,0.01983,1.39276,-0.14938,-0.07038,1.11853,-0.08110,-0.14089,1.30393,0.04000
142,120.46,0.01983,1.39276,-0.14938,-0.07041,1.11856,-0.08105,-0.13922,1.30645,0.03715
143,121.28,0.01983,1.39276,-0.14938,-0.07039,1.11855,-0.08108,-0.13790,1.30829,0.03487
144,121.87,0.01983,1.39276,-0.14938,-0.07034,1.11849,-0.08118,-0.13695,1.30950,0.03320
145,122.22,0.01983,1.39276,-0.14938,-0.07026,1.11840,-0.08135,-0.13637,1.31009,0.03217
146,122.34,0.01983,1.39276,-0.14938,-0.07015,1.11828,-0.08157,-0.13618,1.31008,0.03180
147,122.22,0.01983,1.39276,-0.14938,-0.07001,1.11813,-0.08184,-0.13637,1.30949,0.03208
148,121.86,0.01983,1.39276,-0.14938,-0.06985,1.11796,-0.08215,-0.13694,1.30833,0.03301
149,121.27,0.01983,1.39276,-0.14938,-0.06968,1.11778,-0.08249,-0.13787,1.30660,0.03456
150,120.47,0.01983,1.39276,-0.14938,-0.06950,1.11758,-0.08286,-0.13914,1.30429,0.03669
151,119.45,0.01983,1.39276,-0.14938,-0.06930,1.11737,-0.08325,-0.14074,1.30141,0.03935
152,118.23,0.01983,1.39276,-0.14938,-0.06909,1.11715,-0.08366,-0.14264,1.29794,0.04247
153,116.82,0.01983,1.39276,-0.14938,-0.06887,1.11692,-0.08409,-0.14481,1.29388,0.04601
154,115.24,0.01983,1.39276,-0.14938,-0.06865,1.11669,-0.08453,-0.14722,1.28923,0.04987
155,113.49,0.01983,1.39276,-0.14938,-0.06842,1.11645,-0.08498,-0.14983,1.28397,0.05399
156,111.59,0.01983,1.39276,-0.14938,-0.06819,1.11621,-0.08544,-0.15262,1.27810,0.05830
157,109.56,0.01983,1.39276,-0.14938,-0.06796,1.11597,-0.08590,-0.15555,1.27164,0.06272
158,107.39,0.01983,1.39276,-0.14938,-0.06772,1.11573,-0.08637,-0.15860,1.26457,0.06718
159,105.10,0.01983,1.39276,-0.14938,-0.06749,1.11550,-0.08682,-0.16171,1.25692,0.07160
160,102.70,0.01983,1.39276,-0.14938,-0.06727,1.11527,-0.08726,-0.16488,1.24869,0.07593
161,100.20,0.01983,1.39276,-0.14938,-0.06705,1.11506,-0.08769,-0.16807,1.23989,0.08011
162,97.59,0.01983,1.39276,-0.14938,-0.06685,1.11485,-0.08810,-0.17125,1.23053,0.08407
163,94.88,0.01983,1.39276,-0.14938,-0.06665,1.11466,-0.08849,-0.17441,1.22060,0.08776
164,92.07,0.01983,1.39276,-0.14938,-0.06647,1.11448,-0.08885,-0.17751,1.21012,0.09113
165,89.15,0.01983,1.39276,-0.14938,-0.06630,1.11431,-0.08918,-0.18054,1.19907,0.09413
166,86.13,0.01983,1.39276,-0.14938,-0.06614,1.11415,-0.08949,-0.18347,1.18745,0.09669
167,83.00,0.01983,1.39276,-0.14938,-0.06599,1.11401,-0.08978,-0.18627,1.17526,0.09874
168,79.76,0.01983,1.39276,-0.14938,-0.06585,1.11388,-0.09006,-0.18891,1.16249,0.10022
169,76.40,0.01983,1.39276,-0.14938,-0.06572,1.11375,-0.09032,-0.19135,1.14915,0.10105
170,72.92,0.01983,1.39276,-0.14938,-0.06559,1.11362,-0.09058,-0.19354,1.13529,0.10114
171,69.34,0.01983,1.39276,-0.14938,-0.06545,1.11349,-0.09085,-0.19545,1.12093,0.10041
172,65.65,0.01983,1.39276,-0.14938,-0.06530,1.11335,-0.09114,-0.19702,1.10617,0.09877
173,61.89,0.01983,1.39276,-0.14938,-0.06514,1.11320,-0.09145,-0.19820,1.09111,0.09616
174,58.06,0.01983,1.39276,-0.14938,-0.06497,1.11303,-0.09180,-0.19895,1.07589,0.09254
175,54.18,0.01983,1.39276,-0.14938,-0.06477,1.11284,-0.09218,-0.19923,1.06067,0.08788
176,50.30,0.01983,1.39276,-0.14938,-0.06455,1.11263,-0.09262,-0.19902,1.04564,0.08221
177,46.44,0.01983,1.39276,-0.14938,-0.06430,1.11240,-0.09311,-0.19831,1.03099,0.07559
178,42.65,0.01983,1.39276,-0.14938,-0.06402,1.11215,-0.09365,-0.19713,1.01690,0.06812
179,38.94,0.01983,1.39276,-0.14938,-0.06372,1.11187,-0.09424,-0.19549,1.00354,0.05992
180,35.37,0.01983,1.39276,-0.14938,-0.06339,1.11157,-0.09490,-0.19346,0.99106,0.05118
181,31.97,0.01983,1.39276,-0.14938,-0.06303,1.11124,-0.09560,-0.19109,0.97955,0.04207
182,28.75,0.01983,1.39276,-0.14938,-0.06265,1.11090,-0.09635,-0.18847,0.96910,0.03279
183,25.75,0.01983,1.39276,-0.14938,-0.06224,1.11055,-0.09714,-0.18567,0.95973,0.02352
184,23.00,0.01983,1.39276,-0.14938,-0.06182,1.11018,-0.09796,-0.18279,0.95143,0.01446
185,20.49,0.01983,1.39276,-0.14938,-0.06139,1.10981,-0.09880,-0.17989,0.94418,0.00576
186,18.24,0.01983,1.39276,-0.14938,-0.06095,1.10943,-0.09965,-0.17706,0.93790,-0.00245
187,16.25,0.01983,1.39276,-0.14938,-0.06052,1.10907,-0.10050,-0.17435,0.93254,-0.01004
188,14.52,0.01983,1.39276,-0.14938,-0.06009,1.10871,-0.10133,-0.17182,0.92800,-0.01694
189,13.04,0.01983,1.39276,-0.14938,-0.05968,1.10837,-0.10213,-0.16951,0.92422,-0.02309
190,11.80,0.01983,1.39276,-0.14938,-0.05929,1.10806,-0.10289,-0.16745,0.92109,-0.02846
191,10.78,0.01983,1.39276,-0.14938,-0.05893,1.10777,-0.10359,-0.16566,0.91856,-0.03304
192,9.97,0.01983,1.39276,-0.14938,-0.05861,1.10751,-0.10422,-0.16415,0.91653,-0.03684
193,9.35,0.01983,1.39276,-0.14938,-0.05832,1.10729,-0.10477,-0.16291,0.91496,-0.03991
194,8.89,0.01983,1.39276,-0.14938,-0.05808,1.10710,-0.10524,-0.16193,0.91376,-0.04229
195,8.58,0.01983,1.39276,-0.14938,-0.05788,1.10694,-0.10563,-0.16119,0.91290,-0.04405
196,8.38,0.01983,1.39276,-0.14938,-0.05772,1.10682,-0.10594,-0.16067,0.91231,-0.04526
197,8.29,0.01983,1.39276,-0.14938,-0.05759,1.10672,-0.10618,-0.16034,0.91195,-0.04601
198,8.28,0.01983,1.39276,-0.14938,-0.05750,1.10665,-0.10636,-0.16016,0.91178,-0.04638
199,8.33,0.01983,1.39276,-0.14938,-0.05743,1.10660,-0.10649,-0.16009,0.91174,-0.04646
200,8.43,0.01983,1.39276,-0.14938,-0.05738,1.10656,-0.10660,-0.16011,0.91181,-0.04632
201,8.56,0.01983,1.39276,-0.14938,-0.05732,1.10652,-0.10670,-0.16018,0.91194,-0.04605
202,8.73,0.01983,1.39276,-0.14938,-0.05727,1.10647,-0.10682,-0.16028,0.91212,-0.04568
203,8.93,0.01983,1.39276,-0.14938,-0.05719,1.10642,-0.10696,-0.16039,0.91232,-0.04528
204,9.15,0.01983,1.39276,-0.14938,-0.05710,1.10634,-0.10714,-0.16050,0.91254,-0.04485
205,9.42,0.01983,1.39276,-0.14938,-0.05697,1.10625,-0.10738,-0.16059,0.91277,-0.04439
206,9.73,0.01983,1.39276,-0.14938,-0.05682,1.10613,-0.10768,-0.16069,0.91304,-0.04388
207,10.11,0.01983,1.39276,-0.14938,-0.05663,1.10599,-0.10805,-0.16081,0.91336,-0.04327
208,10.58,0.01983,1.39276,-0.14938,-0.05641,1.10583,-0.10847,-0.16097,0.91379,-0.04249
209,11.15,0.01983,1.39276,-0.14938,-0.05617,1.10565,-0.10894,-0.16121,0.91437,-0.04144
210,11.85,0.01983,1.39276,-0.14938,-0.05591,1.10546,-0.10944,-0.16157,0.91517,-0.04001
211,12.71,0.01983,1.39276,-0.14938,-0.05564,1.10527,-0.10996,-0.16210,0.91627,-0.03809
212,13.76,0.01983,1.39276,-0.14938,-0.05538,1.10508,-0.11047,-0.16283,0.91776,-0.03556
213,15.03,0.01983,1.39276,-0.14938,-0.05513,1.10490,-0.11094,-0.16381,0.91976,-0.03229
214,16.54,0.01983,1.39276,-0.14938,-0.05492,1.10474,-0.11136,-0.16508,0.92238,-0.02819
215,18.31,0.01983,1.39276,-0.14938,-0.05474,1.10462,-0.11170,-0.16665,0.92575,-0.02317
216,20.37,0.01983,1.39276,-0.14938,-0.05462,1.10453,-0.11194,-0.16853,0.93002,-0.01720
217,22.72,0.01983,1.39276,-0.14938,-0.05456,1.10449,-0.11205,-0.17069,0.93533,-0.01026
218,25.37,0.01983,1.39276,-0.14938,-0.05457,1.10450,-0.11202,-0.17312,0.94183,-0.00242
219,28.32,0.01983,1.39276,-0.14938,-0.05466,1.10457,-0.11185,-0.17573,0.94964,0.00624
220,31.55,0.01983,1.39276,-0.14938,-0.05483,1.10469,-0.11152,-0.17845,0.95888,0.01554
221,35.05,0.01983,1.39276,-0.14938,-0.05508,1.10486,-0.11104,-0.18117,0.96961,0.02526
222,38.78,0.01983,1.39276,-0.14938,-0.05541,1.10510,-0.11040,-0.18378,0.98184,0.03517
223,42.71,0.01983,1.39276,-0.14938,-0.05582,1.10539,-0.10962,-0.18616,0.99552,0.04496
224,46.81,0.01983,1.39276,-0.14938,-0.05628,1.10573,-0.10872,-0.18819,1.01053,0.05435
225,51.01,0.01983,1.39276,-0.14938,-0.05681,1.10613,-0.10770,-0.18978,1.02668,0.06306
226,55.27,0.01983,1.39276,-0.14938,-0.05738,1.10656,-0.10660,-0.19084,1.04372,0.07085
227,59.55,0.01983,1.39276,-0.14938,-0.05798,1.10702,-0.10543,-0.19133,1.06136,0.07753
228,63.80,0.01983,1.39276,-0.14938,-0.05860,1.10751,-0.10423,-0.19124,1.07927,0.08296
229,67.97,0.01983,1.39276,-0.14938,-0.05923,1.10801,-0.10302,-0.19057,1.09715,0.08709
230,72.03,0.01983,1.39276,-0.14938,-0.05984,1.10851,-0.10182,-0.18937,1.11470,0.08993
231,75.95,0.01983,1.39276,-0.14938,-0.06043,1.10900,-0.10067,-0.18770,1.13167,0.09153
232,79.71,0.01983,1.39276,-0.14938,-0.06099,1.10946,-0.09958,-0.18562,1.14786,0.09200
233,83.31,0.01983,1.39276,-0.14938,-0.06150,1.10990,-0.09858,-0.18321,1.16312,0.09146
234,86.72,0.01983,1.39276,-0.14938,-0.06196,1.11030,-0.09769,-0.18055,1.17737,0.09005
235,89.96,0.01983,1.39276,-0.14938,-0.06236,1.11065,-0.09691,-0.17769,1.19057,0.08791
236,93.04,0.01983,1.39276,-0.14938,-0.06269,1.11094,-0.09625,-0.17470,1.20274,0.08515
237,95.95,0.01983,1.39276,-0.14938,-0.06297,1.11119,-0.09572,-0.17162,1.21391,0.08191
238,98.72,0.01983,1.39276,-0.14938,-0.06318,1.11138,-0.09531,-0.16849,1.22413,0.07826
239,101.36,0.01983,1.39276,-0.14938,-0.06333,1.11151,-0.09501,-0.16533,1.23349,0.07431
240,103.87,0.01983,1.39276,-0.14938,-0.06342,1.11160,-0.09482,-0.16218,1.24203,0.07011
241,106.26,0.01983,1.39276,-0.14938,-0.06347,1.11164,-0.09473,-0.15905,1.24984,0.06573
242,108.54,0.01983,1.39276,-0.14938,-0.06348,1.11165,-0.09471,-0.15596,1.25697,0.06124
243,110.71,0.01983,1.39276,-0.14938,-0.06346,1.11163,-0.09476,-0.15293,1.26346,0.05669
244,112.76,0.01983,1.39276,-0.14938,-0.06340,1.11158,-0.09487,-0.15000,1.26936,0.05214
245,114.70,0.01983,1.39276,-0.14938,-0.06333,1.11151,-0.09501,-0.14717,1.27469,0.04764
246,116.51,0.01983,1.39276,-0.14938,-0.06324,1.11143,-0.09518,-0.14449,1.27947,0.04328
247,118.18,0.01983,1.39276,-0.14938,-0.06315,1.11135,-0.09537,-0.14197,1.28371,0.03911
248,119.69,0.01983,1.39276,-0.14938,-0.06304,1.11126,-0.09557,-0.13966,1.28742,0.03521
249,121.05,0.01983,1.39276,-0.14938,-0.06294,1.11117,-0.09577,-0.13757,1.29062,0.03164
250,122.22,0.01983,1.39276,-0.14938,-0.06284,1.11108,-0.09596,-0.13574,1.29330,0.02848
251,123.21,0.01983,1.39276,-0.14938,-0.06275,1.11099,-0.09614,-0.13420,1.29547,0.02578
252,123.99,0.01983,1.39276,-0.14938,-0.06266,1.11091,-0.09632,-0.13296,1.29713,0.02359
253,124.57,0.01983,1.39276,-0.14938,-0.06257,1.11084,-0.09649,-0.13205,1.29828,0.02197
254,124.92,0.01983,1.39276,-0.14938,-0.06249,1.11077,-0.09665,-0.13148,1.29894,0.02094
255,125.06,0.01983,1.39276,-0.14938,-0.06242,1.11070,-0.09680,-0.13126,1.29909,0.02052
256,124.98,0.01983,1.39276,-0.14938,-0.06234,1.11063,-0.09695,-0.13138,1.29874,0.02071
257,124.68,0.01983,1.39276,-0.14938,-0.06226,1.11056,-0.09709,-0.13185,1.29788,0.02151
258,124.16,0.01983,1.39276,-0.14938,-0.06219,1.11050,-0.09724,-0.13265,1.29651,0.02289
259,123.43,0.01983,1.39276,-0.14938,-0.06211,1.11043,-0.09739,-0.13378,1.29462,0.02483
260,122.51,0.01983,1.39276,-0.14938,-0.06203,1.11036,-0.09755,-0.13520,1.29222,0.02726
261,121.40,0.01983,1.39276,-0.14938,-0.06195,1.11029,-0.09770,-0.13690,1.28929,0.03015
262,120.11,0.01983,1.39276,-0.14938,-0.06187,1.11022,-0.09786,-0.13885,1.28585,0.03343
263,118.66,0.01983,1.39276,-0.14938,-0.06180,1.11016,-0.09801,-0.14102,1.28190,0.03703
264,117.07,0.01983,1.39276,-0.14938,-0.06173,1.11009,-0.09815,-0.14338,1.27745,0.04089
265,115.34,0.01983,1.39276,-0.14938,-0.06166,1.11004,-0.09827,-0.14591,1.27251,0.04495
266,113.49,0.01983,1.39276,-0.14938,-0.06161,1.10999,-0.09837,-0.14857,1.26709,0.04914
267,111.52,0.01983,1.39276,-0.14938,-0.06157,1.10996,-0.09845,-0.15134,1.26121,0.05342
268,109.45,0.01983,1.39276,-0.14938,-0.06154,1.10994,-0.09850,-0.15420,1.25486,0.05772
269,107.27,0.01983,1.39276,-0.14938,-0.06153,1.10993,-0.09852,-0.15713,1.24805,0.06201
270,105.00,0.01983,1.39276,-0.14938,-0.06154,1.10993,-0.09851,-0.16012,1.24076,0.06624
271,102.61,0.01983,1.39276,-0.14938,-0.06156,1.10995,-0.09847,-0.16314,1.23296,0.07038
272,100.12,0.01983,1.39276,-0.14938,-0.06159,1.10998,-0.09841,-0.16620,1.22461,0.07438
273,97.50,0.01983,1.39276,-0.14938,-0.06162,1.11001,-0.09835,-0.16928,1.21565,0.07821
274,94.76,0.01983,1.39276,-0.14938,-0.06165,1.11003,-0.09829,-0.17236,1.20600,0.08180
275,91.86,0.01983,1.39276,-0.14938,-0.06168,1.11005,-0.09824,-0.17543,1.19560,0.08510
276,88.80,0.01983,1.39276,-0.14938,-0.06169,1.11006,-0.09822,-0.17846,1.18434,0.08801
277,85.56,0.01983,1.39276,-0.14938,-0.06167,1.11005,-0.09825,-0.18141,1.17218,0.09042
278,82.14,0.01983,1.39276,-0.14938,-0.06163,1.11001,-0.09833,-0.18423,1.15905,0.09223
279,78.53,0.01983,1.39276,-0.14938,-0.06156,1.10995,-0.09847,-0.18686,1.14495,0.09327
280,74.74,0.01983,1.39276,-0.14938,-0.06144,1.10985,-0.09870,-0.18921,1.12991,0.09341
281,70.77,0.01983,1.39276,-0.14938,-0.06129,1.10972,-0.09900,-0.19122,1.11400,0.09248
282,66.64,0.01983,1.39276,-0.14938,-0.06110,1.10955,-0.09938,-0.19279,1.09739,0.09035
283,62.38,0.01983,1.39276,-0.14938,-0.06086,1.10936,-0.09983,-0.19384,1.08029,0.08691
284,58.03,0.01983,1.39276,-0.14938,-0.06059,1.10913,-0.10036,-0.19431,1.06297,0.08212
285,53.64,0.01983,1.39276,-0.14938,-0.06029,1.10888,-0.10094,-0.19417,1.04572,0.07598
286,49.25,0.01983,1.39276,-0.14938,-0.05997,1.10861,-0.10156,-0.19340,1.02889,0.06860
287,44.92,0.01983,1.39276,-0.14938,-0.05964,1.10834,-0.10221,-0.19203,1.01277,0.06012
288,40.70,0.01983,1.39276,-0.14938,-0.05931,1.10807,-0.10286,-0.19012,0.99766,0.05078
289,36.64,0.01983,1.39276,-0.14938,-0.05898,1.10781,-0.10349,-0.18778,0.98379,0.04087
290,32.80,0.01983,1.39276,-0.14938,-0.05868,1.10757,-0.10407,-0.18512,0.97132,0.03070
291,29.21,0.01983,1.39276,-0.14938,-0.05842,1.10736,-0.10459,-0.18227,0.96034,0.02059
292,25.90,0.01983,1.39276,-0.14938,-0.05820,1.10719,-0.10501,-0.17938,0.95088,0.01085
293,22.91,0.01983,1.39276,-0.14938,-0.05803,1.10706,-0.10533,-0.17656,0.94288,0.00174
294,20.24,0.01983,1.39276,-0.14938,-0.05794,1.10699,-0.10552,-0.17394,0.93627,-0.00652
295,17.90,0.01983,1.39276,-0.14938,-0.05791,1.10696,-0.10558,-0.17159,0.93092,-0.01378
296,15.88,0.01983,1.39276,-0.14938,-0.05795,1.10700,-0.10549,-0.16958,0.92668,-0.01994
297,14.18,0.01983,1.39276,-0.14938,-0.05806,1.10708,-0.10527,-0.16795,0.92343,-0.02498
298,12.77,0.01983,1.39276,-0.14938,-0.05824,1.10723,-0.10492,-0.16671,0.92101,-0.02892
299,11.62,0.01983,1.39276,-0.14938,-0.05848,1.10741,-0.10446,-0.16583,0.91928,-0.03184
300,10.71,0.01983,1.39276,-0.14938,-0.05877,1.10764,-0.10390,-0.16529,0.91813,-0.03384
301,10.00,0.01983,1.39276,-0.14938,-0.05909,1.10790,-0.10328,-0.16504,0.91744,-0.03506
302,9.46,0.01983,1.39276,-0.14938,-0.05943,1.10817,-0.10262,-0.16501,0.91711,-0.03565
303,9.06,0.01983,1.39276,-0.14938,-0.05978,1.10845,-0.10195,-0.16515,0.91702,-0.03577
304,8.77,0.01983,1.39276,-0.14938,-0.06011,1.10873,-0.10130,-0.16540,0.91711,-0.03558
305,8.55,0.01983,1.39276,-0.14938,-0.06041,1.10898,-0.10071,-0.16569,0.91729,-0.03521
306,8.40,0.01983,1.39276,-0.14938,-0.06067,1.10920,-0.10020,-0.16598,0.91750,-0.03481
307,8.29,0.01983,1.39276,-0.14938,-0.06088,1.10937,-0.09980,-0.16621,0.91768,-0.03445
308,8.21,0.01983,1.39276,-0.14938,-0.06102,1.10949,-0.09952,-0.16637,0.91779,-0.03423
309,8.15,0.01983,1.39276,-0.14938,-0.06109,1.10955,-0.09939,-0.16642,0.91782,-0.03417
310,8.13,0.01983,1.39276,-0.14938,-0.06108,1.10954,-0.09940,-0.16638,0.91777,-0.03428
311,8.14,0.01983,1.39276,-0.14938,-0.06100,1.10947,-0.09956,-0.16625,0.91764,-0.03453
312,8.20,0.01983,1.39276,-0.14938,-0.06085,1.10935,-0.09986,-0.16605,0.91747,-0.03486
313,8.33,0.01983,1.39276,-0.14938,-0.06063,1.10916,-0.10027,-0.16583,0.91731,-0.03517
314,8.56,0.01983,1.39276,-0.14938,-0.06037,1.10894,-0.10079,-0.16562,0.91723,-0.03534
315,8.92,0.01983,1.39276,-0.14938,-0.06007,1.10869,-0.10138,-0.16550,0.91730,-0.03523
316,9.43,0.01983,1.39276,-0.14938,-0.05974,1.10842,-0.10201,-0.16553,0.91761,-0.03466
317,10.13,0.01983,1.39276,-0.14938,-0.05941,1.10816,-0.10265,-0.16577,0.91826,-0.03349
318,11.06,0.01983,1.39276,-0.14938,-0.05910,1.10791,-0.10325,-0.16628,0.91937,-0.03153
319,12.24,0.01983,1.39276,-0.14938,-0.05883,1.10769,-0.10379,-0.16713,0.92107,-0.02863
320,13.70,0.01983,1.39276,-0.14938,-0.05860,1.10750,-0.10424,-0.16836,0.92348,-0.02469
321,15.47,0.01983,1.39276,-0.14938,-0.05843,1.10737,-0.10456,-0.16998,0.92675,-0.01960
322,17.57,0.01983,1.39276,-0.14938,-0.05834,1.10730,-0.10474,-0.17199,0.93105,-0.01334
323,20.01,0.01983,1.39276,-0.14938,-0.05832,1.10729,-0.10477,-0.17436,0.93653,-0.00592
324,22.79,0.01983,1.39276,-0.14938,-0.05838,1.10734,-0.10465,-0.17703,0.94333,0.00255
325,25.91,0.01983,1.39276,-0.14938,-0.05852,1.10745,-0.10438,-0.17990,0.95161,0.01192
326,29.34,0.01983,1.39276,-0.14938,-0.05873,1.10761,-0.10397,-0.18286,0.96144,0.02195
327,33.07,0.01983,1.39276,-0.14938,-0.05900,1.10783,-0.10345,-0.18577,0.97288,0.03235
328,37.05,0.01983,1.39276,-0.14938,-0.05932,1.10808,-0.10284,-0.18847,0.98591,0.04281
329,41.26,0.01983,1.39276,-0.14938,-0.05966,1.10836,-0.10217,-0.19083,1.00043,0.05297
330,45.64,0.01983,1.39276,-0.14938,-0.06002,1.10865,-0.10148,-0.19271,1.01626,0.06249
331,50.14,0.01983,1.39276,-0.14938,-0.06037,1.10895,-0.10079,-0.19401,1.03316,0.07106
332,54.71,0.01983,1.39276,-0.14938,-0.06071,1.10923,-0.10013,-0.19465,1.05083,0.07844
333,59.29,0.01983,1.39276,-0.14938,-0.06101,1.10948,-0.09954,-0.19460,1.06895,0.08444
334,63.85,0.01983,1.39276,-0.14938,-0.06127,1.10971,-0.09903,-0.19386,1.08715,0.08897
335,68.34,0.01983,1.39276,-0.14938,-0.06148,1.10988,-0.09862,-0.19247,1.10514,0.09200
336,72.72,0.01983,1.39276,-0.14938,-0.06163,1.11001,-0.09833,-0.19051,1.12261,0.09358
337,76.96,0.01983,1.39276,-0.14938,-0.06172,1.11009,-0.09815,-0.18804,1.13935,0.09383
338,81.04,0.01983,1.39276,-0.14938,-0.06176,1.11012,-0.09809,-0.18517,1.15519,0.09288
339,84.94,0.01983,1.39276,-0.14938,-0.06173,1.11010,-0.09813,-0.18198,1.17002,0.09091
340,88.67,0.01983,1.39276,-0.14938,-0.06167,1.11004,-0.09826,-0.17858,1.18379,0.08808
341,92.20,0.01983,1.39276,-0.14938,-0.06156,1.10995,-0.09847,-0.17502,1.19650,0.08457
342,95.54,0.01983,1.39276,-0.14938,-0.06142,1.10983,-0.09874,-0.17139,1.20818,0.08054
343,98.70,0.01983,1.39276,-0.14938,-0.06127,1.10970,-0.09904,-0.16775,1.21887,0.07611
344,101.68,0.01983,1.39276,-0.14938,-0.06111,1.10956,-0.09936,-0.16413,1.22863,0.07141
345,104.48,0.01983,1.39276,-0.14938,-0.06094,1.10943,-0.09967,-0.16058,1.23753,0.06657
346,107.09,0.01983,1.39276,-0.14938,-0.06079,1.10930,-0.09997,-0.15715,1.24560,0.06166
347,109.53,0.01983,1.39276,-0.14938,-0.06065,1.10918,-0.10024,-0.15385,1.25290,0.05678
348,111.78,0.01983,1.39276,-0.14938,-0.06053,1.10908,-0.10048,-0.15072,1.25945,0.05201
349,113.84,0.01983,1.39276,-0.14938,-0.06042,1.10899,-0.10069,-0.14780,1.26528,0.04743
350,115.71,0.01983,1.39276,-0.14938,-0.06033,1.10891,-0.10088,-0.14510,1.27042,0.04312
351,117.37,0.01983,1.39276,-0.14938,-0.06024,1.10884,-0.10104,-0.14266,1.27485,0.03914
352,118.82,0.01983,1.39276,-0.14938,-0.06016,1.10877,-0.10120,-0.14050,1.27861,0.03557
353,120.05,0.01983,1.39276,-0.14938,-0.06007,1.10870,-0.10136,-0.13865,1.28168,0.03245
354,121.05,0.01983,1.39276,-0.14938,-0.05998,1.10862,-0.10154,-0.13713,1.28409,0.02986
355,121.82,0.01983,1.39276,-0.14938,-0.05989,1.10854,-0.10173,-0.13596,1.28583,0.02782
356,122.34,0.01983,1.39276,-0.14938,-0.05977,1.10845,-0.10195,-0.13514,1.28692,0.02639
357,122.63,0.01983,1.39276,-0.14938,-0.05965,1.10835,-0.10219,-0.13469,1.28737,0.02557
358,122.67,0.01983,1.39276,-0.14938,-0.05952,1.10825,-0.10244,-0.13460,1.28720,0.02538
359,122.47,0.01983,1.39276,-0.14938,-0.05939,1.10814,-0.10270,-0.13489,1.28642,0.02582
360,122.04,0.01983,1.39276,-0.14938,-0.05926,1.10804,-0.10294,-0.13552,1.28505,0.02687
361,121.38,0.01983,1.39276,-0.14938,-0.05916,1.10795,-0.10315,-0.13651,1.28313,0.02850
362,120.50,0.01983,1.39276,-0.14938,-0.05908,1.10789,-0.10331,-0.13781,1.28067,0.03068
363,119.42,0.01983,1.39276,-0.14938,-0.05904,1.10786,-0.10338,-0.13941,1.27772,0.03334
364,118.15,0.01983,1.39276,-0.14938,-0.05905,1.10787,-0.10335,-0.14128,1.27431,0.03644
365,116.71,0.01983,1.39276,-0.14938,-0.05914,1.10793,-0.10319,-0.14340,1.27050,0.03992
366,115.11,0.01983,1.39276,-0.14938,-0.05929,1.10806,-0.10289,-0.14573,1.26630,0.04371
367,113.37,0.01983,1.39276,-0.14938,-0.05952,1.10825,-0.10244,-0.14825,1.26177,0.04776
368,111.51,0.01983,1.39276,-0.14938,-0.05983,1.10850,-0.10183,-0.15093,1.25694,0.05201
369,109.52,0.01983,1.39276,-0.14938,-0.06022,1.10882,-0.10108,-0.15374,1.25181,0.05641
370,107.43,0.01983,1.39276,-0.14938,-0.06068,1.10920,-0.10019,-0.15666,1.24639,0.06091
371,105.24,0.01983,1.39276,-0.14938,-0.06119,1.10964,-0.09919,-0.15969,1.24065,0.06546
372,102.94,0.01983,1.39276,-0.14938,-0.06174,1.11011,-0.09811,-0.16280,1.23454,0.07002
373,100.54,0.01983,1.39276,-0.14938,-0.06232,1.11061,-0.09699,-0.16598,1.22799,0.07454
374,98.01,0.01983,1.39276,-0.14938,-0.06289,1.11112,-0.09587,-0.16922,1.22090,0.07898
375,95.36,0.01983,1.39276,-0.14938,-0.06345,1.11162,-0.09478,-0.17250,1.21316,0.08327
376,92.57,0.01983,1.39276,-0.14938,-0.06396,1.11209,-0.09378,-0.17581,1.20464,0.08733
377,89.62,0.01983,1.39276,-0.14938,-0.06441,1.11251,-0.09288,-0.17911,1.19523,0.09109
378,86.50,0.01983,1.39276,-0.14938,-0.06479,1.11286,-0.09214,-0.18237,1.18481,0.09442
379,83.21,0.01983,1.39276,-0.14938,-0.06508,1.11314,-0.09157,-0.18554,1.17330,0.09720
380,79.73,0.01983,1.39276,-0.14938,-0.06528,1.11333,-0.09118,-0.18855,1.16064,0.09928
381,76.07,0.01983,1.39276,-0.14938,-0.06537,1.11342,-0.09100,-0.19133,1.14683,0.10050
382,72.23,0.01983,1.39276,-0.14938,-0.06537,1.11341,-0.09101,-0.19379,1.13194,0.10070
383,68.24,0.01983,1.39276,-0.14938,-0.06526,1.11331,-0.09122,-0.19584,1.11611,0.09972
384,64.13,0.01983,1.39276,-0.14938,-0.06507,1.11312,-0.09160,-0.19739,1.09953,0.09745
385,59.92,0.01983,1.39276,-0.14938,-0.06479,1.11286,-0.09215,-0.19837,1.08245,0.09380
386,55.65,0.01983,1.39276,-0.14938,-0.06444,1.11253,-0.09283,-0.19874,1.06520,0.08877
387,51.38,0.01983,1.39276,-0.14938,-0.06404,1.11216,-0.09362,-0.19846,1.04811,0.08242
388,47.15,0.01983,1.39276,-0.14938,-0.06360,1.11176,-0.09448,-0.19756,1.03151,0.07487
389,43.02,0.01983,1.39276,-0.14938,-0.06314,1.11135,-0.09537,-0.19607,1.01572,0.06633
390,39.02,0.01983,1.39276,-0.14938,-0.06269,1.11094,-0.09627,-0.19410,1.00100,0.05707
391,35.21,0.01983,1.39276,-0.14938,-0.06225,1.11055,-0.09712,-0.19174,0.98757,0.04738
392,31.63,0.01983,1.39276,-0.14938,-0.06185,1.11020,-0.09791,-0.18913,0.97556,0.03758
393,28.31,0.01983,1.39276,-0.14938,-0.06150,1.10990,-0.09859,-0.18639,0.96504,0.02798
394,25.26,0.01983,1.39276,-0.14938,-0.06122,1.10966,-0.09914,-0.18367,0.95600,0.01885
395,22.52,0.01983,1.39276,-0.14938,-0.06101,1.10948,-0.09954,-0.18107,0.94839,0.01043
396,20.08,0.01983,1.39276,-0.14938,-0.06090,1.10939,-0.09976,-0.17870,0.94211,0.00290
397,17.94,0.01983,1.39276,-0.14938,-0.06087,1.10937,-0.09981,-0.17664,0.93706,-0.00361
398,16.11,0.01983,1.39276,-0.14938,-0.06094,1.10942,-0.09967,-0.17493,0.93310,-0.00903
399,14.55,0.01983,1.39276,-0.14938,-0.06110,1.10956,-0.09936,-0.17359,0.93009,-0.01336
400,13.25,0.01983,1.39276,-0.14938,-0.06134,1.10976,-0.09889,-0.17264,0.92789,-0.01664
401,12.20,0.01983,1.39276,-0.14938,-0.06165,1.11003,-0.09829,-0.17203,0.92639,-0.01894
402,11.36,0.01983,1.39276,-0.14938,-0.06202,1.11035,-0.09757,-0.17174,0.92546,-0.02038
403,10.70,0.01983,1.39276,-0.14938,-0.06242,1.11070,-0.09679,-0.17172,0.92497,-0.02111
404,10.20,0.01983,1.39276,-0.14938,-0.06284,1.11107,-0.09597,-0.17189,0.92484,-0.02127
405,9.82,0.01983,1.39276,-0.14938,-0.06325,1.11144,-0.09516,-0.17220,0.92494,-0.02104
406,9.54,0.01983,1.39276,-0.14938,-0.06364,1.11180,-0.09440,-0.17258,0.92519,-0.02057
407,9.35,0.01983,1.39276,-0.14938,-0.06398,1.11211,-0.09373,-0.17296,0.92549,-0.02001
408,9.21,0.01983,1.39276,-0.14938,-0.06426,1.11236,-0.09319,-0.17328,0.92578,-0.01950
409,9.11,0.01983,1.39276,-0.14938,-0.06445,1.11254,-0.09282,-0.17351,0.92597,-0.01915
410,9.04,0.01983,1.39276,-0.14938,-0.06454,1.11263,-0.09263,-0.17360,0.92603,-0.01904
411,8.99,0.01983,1.39276,-0.14938,-0.06453,1.11262,-0.09266,-0.17352,0.92591,-0.01924
412,8.96,0.01983,1.39276,-0.14938,-0.06441,1.11250,-0.09290,-0.17327,0.92560,-0.01979
413,8.94,0.01983,1.39276,-0.14938,-0.06417,1.11228,-0.09336,-0.17283,0.92511,-0.02067
414,8.95,0.01983,1.39276,-0.14938,-0.06382,1.11196,-0.09404,-0.17223,0.92444,-0.02186
415,9.00,0.01983,1.39276,-0.14938,-0.06337,1.11155,-0.09493,-0.17148,0.92364,-0.02330
416,9.10,0.01983,1.39276,-0.14938,-0.06283,1.11106,-0.09599,-0.17063,0.92277,-0.02489
417,9.27,0.01983,1.39276,-0.14938,-0.06221,1.11052,-0.09720,-0.16972,0.92189,-0.02653
418,9.53,0.01983,1.39276,-0.14938,-0.06153,1.10993,-0.09853,-0.16882,0.92108,-0.02805
419,9.91,0.01983,1.39276,-0.14938,-0.06081,1.10931,-0.09993,-0.16799,0.92043,-0.02931
420,10.45,0.01983,1.39276,-0.14938,-0.06008,1.10870,-0.10136,-0.16730,0.92004,-0.03013
421,11.17,0.01983,1.39276,-0.14938,-0.05935,1.10810,-0.10278,-0.16683,0.92002,-0.03033
422,12.10,0.01983,1.39276,-0.14938,-0.05864,1.10754,-0.10415,-0.16666,0.92047,-0.02972
423,13.28,0.01983,1.39276,-0.14938,-0.05799,1.10703,-0.10541,-0.16684,0.92152,-0.02814
424,14.74,0.01983,1.39276,-0.14938,-0.05741,1.10658,-0.10655,-0.16742,0.92331,-0.02546
425,16.50,0.01983,1.39276,-0.14938,-0.05690,1.10620,-0.10752,-0.16844,0.92598,-0.02156
426,18.59,0.01983,1.39276,-0.14938,-0.05650,1.10590,-0.10830,-0.16991,0.92968,-0.01639
427,21.02,0.01983,1.39276,-0.14938,-0.05620,1.10567,-0.10887,-0.17180,0.93459,-0.00994
428,23.79,0.01983,1.39276,-0.14938,-0.05602,1.10554,-0.10924,-0.17406,0.94086,-0.00229
429,26.92,0.01983,1.39276,-0.14938,-0.05594,1.10548,-0.10938,-0.17662,0.94866,0.00642
430,30.37,0.01983,1.39276,-0.14938,-0.05597,1.10551,-0.10932,-0.17935,0.95810,0.01599
431,34.14,0.01983,1.39276,-0.14938,-0.05611,1.10560,-0.10906,-0.18212,0.96927,0.02614
432,38.19,0.01983,1.39276,-0.14938,-0.05633,1.10577,-0.10862,-0.18479,0.98218,0.03654
433,42.48,0.01983,1.39276,-0.14938,-0.05664,1.10600,-0.10803,-0.18719,0.99679,0.04683
434,46.96,0.01983,1.39276,-0.14938,-0.05701,1.10628,-0.10731,-0.18918,1.01295,0.05665
435,51.59,0.01983,1.39276,-0.14938,-0.05744,1.10661,-0.10647,-0.19063,1.03044,0.06565
436,56.30,0.01983,1.39276,-0.14938,-0.05791,1.10697,-0.10557,-0.19145,1.04897,0.07353
437,61.04,0.01983,1.39276,-0.14938,-0.05841,1.10735,-0.10460,-0.19159,1.06819,0.08006
438,65.76,0.01983,1.39276,-0.14938,-0.05892,1.10776,-0.10361,-0.19102,1.08773,0.08511
439,70.41,0.01983,1.39276,-0.14938,-0.05943,1.10817,-0.10262,-0.18977,1.10724,0.08861
440,74.95,0.01983,1.39276,-0.14938,-0.05994,1.10858,-0.10164,-0.18789,1.12637,0.09058
441,79.35,0.01983,1.39276,-0.14938,-0.06043,1.10899,-0.10068,-0.18547,1.14484,0.09111
442,83.58,0.01983,1.39276,-0.14938,-0.06089,1.10938,-0.09977,-0.18259,1.16243,0.09034
443,87.62,0.01983,1.39276,-0.14938,-0.06133,1.10976,-0.09891,-0.17936,1.17896,0.08844
444,91.46,0.01983,1.39276,-0.14938,-0.06174,1.11011,-0.09812,-0.17587,1.19434,0.08559
445,95.10,0.01983,1.39276,-0.14938,-0.06212,1.11043,-0.09738,-0.17220,1.20851,0.08196
446,98.53,0.01983,1.39276,-0.14938,-0.06246,1.11073,-0.09672,-0.16843,1.22149,0.07773
447,101.76,0.01983,1.39276,-0.14938,-0.06276,1.11100,-0.09613,-0.16464,1.23329,0.07305
448,104.79,0.01983,1.39276,-0.14938,-0.06303,1.11124,-0.09560,-0.16086,1.24397,0.06806
449,107.63,0.01983,1.39276,-0.14938,-0.06326,1.11145,-0.09514,-0.15714,1.25360,0.06287
450,110.29,0.01983,1.39276,-0.14938,-0.06346,1.11164,-0.09475,-0.15352,1.26224,0.05759
451,112.77,0.01983,1.39276,-0.14938,-0.06364,1.11179,-0.09440,-0.15004,1.26995,0.05231
452,115.06,0.01983,1.39276,-0.14938,-0.06379,1.11193,-0.09411,-0.14672,1.27681,0.04711
453,117.18,0.01983,1.39276,-0.14938,-0.06392,1.11205,-0.09386,-0.14359,1.28287,0.04208
454,119.11,0.01983,1.39276,-0.14938,-0.06403,1.11215,-0.09365,-0.14068,1.28818,0.03729
455,120.85,0.01983,1.39276,-0.14938,-0.06412,1.11224,-0.09346,-0.13802,1.29278,0.03283
456,122.39,0.01983,1.39276,-0.14938,-0.06420,1.11231,-0.09329,-0.13563,1.29671,0.02876
457,123.72,0.01983,1.39276,-0.14938,-0.06428,1.11238,-0.09315,-0.13356,1.30000,0.02517
458,124.82,0.01983,1.39276,-0.14938,-0.06435,1.11245,-0.09301,-0.13182,1.30267,0.02213
459,125.70,0.01983,1.39276,-0.14938,-0.06442,1.11251,-0.09288,-0.13044,1.30475,0.01971
460,126.32,0.01983,1.39276,-0.14938,-0.06448,1.11257,-0.09276,-0.12944,1.30626,0.01794
461,126.70,0.01983,1.39276,-0.14938,-0.06454,1.11262,-0.09264,-0.12884,1.30719,0.01689
462,126.82,0.01983,1.39276,-0.14938,-0.06460,1.11268,-0.09253,-0.12865,1.30757,0.01657
463,126.68,0.01983,1.39276,-0.14938,-0.06465,1.11273,-0.09242,-0.12888,1.30739,0.01699
464,126.28,0.01983,1.39276,-0.14938,-0.06470,1.11278,-0.09232,-0.12951,1.30665,0.01815
465,125.64,0.01983,1.39276,-0.14938,-0.06475,1.11282,-0.09222,-0.13056,1.30534,0.02003
466,124.74,0.01983,1.39276,-0.14938,-0.06480,1.11287,-0.09213,-0.13198,1.30345,0.02258
467,123.61,0.01983,1.39276,-0.14938,-0.06484,1.11291,-0.09205,-0.13378,1.30097,0.02575
468,122.26,0.01983,1.39276,-0.14938,-0.06488,1.11295,-0.09197,-0.13591,1.29790,0.02947
469,120.70,0.01983,1.39276,-0.14938,-0.06492,1.11298,-0.09189,-0.13835,1.29421,0.03368
470,118.94,0.01983,1.39276,-0.14938,-0.06496,1.11302,-0.09181,-0.14107,1.28991,0.03829
471,117.00,0.01983,1.39276,-0.14938,-0.06501,1.11307,-0.09172,-0.14403,1.28497,0.04323
472,114.89,0.01983,1.39276,-0.14938,-0.06506,1.11312,-0.09162,-0.14721,1.27940,0.04841
473,112.61,0.01983,1.39276,-0.14938,-0.06512,1.11317,-0.09150,-0.15056,1.27319,0.05375
474,110.19,0.01983,1.39276,-0.14938,-0.06519,1.11324,-0.09136,-0.15406,1.26631,0.05919
475,107.62,0.01983,1.39276,-0.14938,-0.06526,1.11331,-0.09121,-0.15768,1.25876,0.06464
476,104.90,0.01983,1.39276,-0.14938,-0.06535,1.11339,-0.09105,-0.16140,1.25050,0.07004
477,102.04,0.01983,1.39276,-0.14938,-0.06544,1.11347,-0.09088,-0.16518,1.24149,0.07532
478,99.04,0.01983,1.39276,-0.14938,-0.06552,1.11356,-0.09070,-0.16900,1.23171,0.08038
479,95.88,0.01983,1.39276,-0.14938,-0.06560,1.11364,-0.09054,-0.17281,1.22109,0.08515
480,92.57,0.01983,1.39276,-0.14938,-0.06567,1.11370,-0.09041,-0.17660,1.20959,0.08952
481,89.11,0.01983,1.39276,-0.14938,-0.06572,1.11374,-0.09033,-0.18030,1.19717,0.09339
482,85.48,0.01983,1.39276,-0.14938,-0.06573,1.11376,-0.09030,-0.18386,1.18378,0.09661
483,81.70,0.01983,1.39276,-0.14938,-0.06570,1.11373,-0.09035,-0.18722,1.16944,0.09905
484,77.76,0.01983,1.39276,-0.14938,-0.06563,1.11366,-0.09049,-0.19029,1.15416,0.10056
485,73.68,0.01983,1.39276,-0.14938,-0.06551,1.11354,-0.09073,-0.19301,1.13801,0.10099
486,69.48,0.01983,1.39276,-0.14938,-0.06533,1.11337,-0.09109,-0.19527,1.12113,0.10020
487,65.18,0.01983,1.39276,-0.14938,-0.06509,1.11314,-0.09156,-0.19701,1.10369,0.09808
488,60.81,0.01983,1.39276,-0.14938,-0.06479,1.11287,-0.09214,-0.19816,1.08592,0.09456
489,56.41,0.01983,1.39276,-0.14938,-0.06445,1.11254,-0.09282,-0.19865,1.06808,0.08962
490,52.01,0.01983,1.39276,-0.14938,-0.06405,1.11217,-0.09360,-0.19848,1.05047,0.08331
491,47.67,0.01983,1.39276,-0.14938,-0.06362,1.11178,-0.09444,-0.19765,1.03340,0.07575
492,43.42,0.01983,1.39276,-0.14938,-0.06316,1.11136,-0.09534,-0.19621,1.01715,0.06713
493,39.31,0.01983,1.39276,-0.14938,-0.06269,1.11094,-0.09626,-0.19422,1.00198,0.05770
494,35.39,0.01983,1.39276,-0.14938,-0.06223,1.11053,-0.09716,-0.19180,0.98808,0.04773
495,31.70,0.01983,1.39276,-0.14938,-0.06178,1.11015,-0.09803,-0.18907,0.97560,0.03755
496,28.26,0.01983,1.39276,-0.14938,-0.06138,1.10980,-0.09882,-0.18617,0.96461,0.02747
497,25.10,0.01983,1.39276,-0.14938,-0.06103,1.10950,-0.09951,-0.18324,0.95512,0.01778
498,22.24,0.01983,1.39276,-0.14938,-0.06074,1.10925,-0.10007,-0.18039,0.94709,0.00873
499,19.70,0.01983,1.39276,-0.14938,-0.06054,1.10908,-0.10047,-0.17775,0.94042,0.00055
500,17.46,0.01983,1.39276,-0.14938,-0.06042,1.10898,-0.10070,-0.17540,0.93502,-0.00663
501,15.53,0.01983,1.39276,-0.14938,-0.06039,1.10896,-0.10074,-0.17340,0.93073,-0.01271
502,13.89,0.01983,1.39276,-0.14938,-0.06046,1.10902,-0.10060,-0.17179,0.92745,-0.01765
503,12.52,0.01983,1.39276,-0.14938,-0.06063,1.10916,-0.10029,-0.17059,0.92502,-0.02148
504,11.40,0.01983,1.39276,-0.14938,-0.06087,1.10937,-0.09981,-0.16978,0.92332,-0.02424
505,10.50,0.01983,1.39276,-0.14938,-0.06119,1.10964,-0.09919,-0.16933,0.92224,-0.02604
506,9.80,0.01983,1.39276,-0.14938,-0.06157,1.10996,-0.09845,-0.16920,0.92165,-0.02702
507,9.27,0.01983,1.39276,-0.14938,-0.06199,1.11032,-0.09764,-0.16932,0.92146,-0.02731
508,8.87,0.01983,1.39276,-0.14938,-0.06242,1.11070,-0.09678,-0.16964,0.92157,-0.02709
509,8.58,0.01983,1.39276,-0.14938,-0.06286,1.11109,-0.09593,-0.17008,0.92188,-0.02650
510,8.37,0.01983,1.39276,-0.14938,-0.06327,1.11146,-0.09512,-0.17058,0.92230,-0.02572
511,8.22,0.01983,1.39276,-0.14938,-0.06365,1.11180,-0.09439,-0.17107,0.92275,-0.02490
512,8.11,0.01983,1.39276,-0.14938,-0.06395,1.11208,-0.09379,-0.17149,0.92315,-0.02417
513,8.02,0.01983,1.39276,-0.14938,-0.06418,1.11229,-0.09334,-0.17179,0.92343,-0.02365
514,7.95,0.01983,1.39276,-0.14938,-0.06431,1.11242,-0.09308,-0.17195,0.92356,-0.02343
515,7.88,0.01983,1.39276,-0.14938,-0.06434,1.11244,-0.09303,-0.17191,0.92348,-0.02356
516,7.81,0.01983,1.39276,-0.14938,-0.06426,1.11236,-0.09319,-0.17168,0.92319,-0.02409
517,7.74,0.01983,1.39276,-0.14938,-0.06406,1.11218,-0.09358,-0.17125,0.92269,-0.02501
518,7.69,0.01983,1.39276,-0.14938,-0.06375,1.11189,-0.09419,-0.17064,0.92200,-0.02628
519,7.66,0.01983,1.39276,-0.14938,-0.06333,1.11152,-0.09500,-0.16986,0.92115,-0.02784
520,7.68,0.01983,1.39276,-0.14938,-0.06282,1.11106,-0.09600,-0.16897,0.92022,-0.02959
521,7.77,0.01983,1.39276,-0.14938,-0.06223,1.11054,-0.09715,-0.16802,0.91927,-0.03139
522,7.95,0.01983,1.39276,-0.14938,-0.06158,1.10997,-0.09842,-0.16707,0.91839,-0.03308
523,8.26,0.01983,1.39276,-0.14938,-0.06090,1.10939,-0.09976,-0.16621,0.91766,-0.03448
524,8.72,0.01983,1.39276,-0.14938,-0.06020,1.10880,-0.10112,-0.16551,0.91720,-0.03540
525,9.38,0.01983,1.39276,-0.14938,-0.05951,1.10824,-0.10246,-0.16505,0.91710,-0.03565
526,10.25,0.01983,1.39276,-0.14938,-0.05886,1.10771,-0.10373,-0.16492,0.91748,-0.03503
527,11.39,0.01983,1.39276,-0.14938,-0.05826,1.10724,-0.10489,-0.16518,0.91846,-0.03337
528,12.80,0.01983,1.39276,-0.14938,-0.05775,1.10684,-0.10588,-0.16588,0.92017,-0.03052
529,14.52,0.01983,1.39276,-0.14938,-0.05733,1.10652,-0.10669,-0.16706,0.92275,-0.02640
530,16.57,0.01983,1.39276,-0.14938,-0.05702,1.10628,-0.10730,-0.16871,0.92634,-0.02095
531,18.95,0.01983,1.39276,-0.14938,-0.05682,1.10614,-0.10767,-0.17081,0.93110,-0.01419
532,21.66,0.01983,1.39276,-0.14938,-0.05674,1.10608,-0.10783,-0.17330,0.93718,-0.00622
533,24.70,0.01983,1.39276,-0.14938,-0.05678,1.10610,-0.10776,-0.17609,0.94470,0.00281
534,28.04,0.01983,1.39276,-0.14938,-0.05692,1.10621,-0.10750,-0.17906,0.95377,0.01267
535,31.67,0.01983,1.39276,-0.14938,-0.05715,1.10638,-0.10705,-0.18207,0.96443,0.02308
536,35.55,0.01983,1.39276,-0.14938,-0.05745,1.10661,-0.10645,-0.18496,0.97668,0.03369
537,39.63,0.01983,1.39276,-0.14938,-0.05782,1.10690,-0.10574,-0.18760,0.99042,0.04417
538,43.88,0.01983,1.39276,-0.14938,-0.05823,1.10721,-0.10496,-0.18984,1.00551,0.05417
539,48.24,0.01983,1.39276,-0.14938,-0.05865,1.10755,-0.10412,-0.19157,1.02172,0.06337
540,52.66,0.01983,1.39276,-0.14938,-0.05909,1.10789,-0.10329,-0.19271,1.03877,0.07152
541,57.09,0.01983,1.39276,-0.14938,-0.05950,1.10823,-0.10247,-0.19320,1.05636,0.07842
542,61.50,0.01983,1.39276,-0.14938,-0.05990,1.10855,-0.10171,-0.19305,1.07416,0.08395
543,65.85,0.01983,1.39276,-0.14938,-0.06025,1.10884,-0.10103,-0.19226,1.09187,0.08805
544,70.10,0.01983,1.39276,-0.14938,-0.06055,1.10909,-0.10045,-0.19089,1.10923,0.09076
545,74.23,0.01983,1.39276,-0.14938,-0.06079,1.10930,-0.09997,-0.18899,1.12602,0.09215
546,78.22,0.01983,1.39276,-0.14938,-0.06098,1.10945,-0.09961,-0.18665,1.14206,0.09231
547,82.07,0.01983,1.39276,-0.14938,-0.06110,1.10956,-0.09937,-0.18393,1.15725,0.09138
548,85.77,0.01983,1.39276,-0.14938,-0.06117,1.10961,-0.09924,-0.18092,1.17152,0.08950
549,89.32,0.01983,1.39276,-0.14938,-0.06118,1.10962,-0.09922,-0.17768,1.18486,0.08682
550,92.73,0.01983,1.39276,-0.14938,-0.06114,1.10959,-0.09929,-0.17426,1.19727,0.08345
551,95.99,0.01983,1.39276,-0.14938,-0.06106,1.10952,-0.09945,-0.17073,1.20878,0.07952
552,99.12,0.01983,1.39276,-0.14938,-0.06095,1.10943,-0.09967,-0.16713,1.21945,0.07514
553,102.11,0.01983,1.39276,-0.14938,-0.06081,1.10931,-0.09994,-0.16349,1.22931,0.07040
554,104.97,0.01983,1.39276,-0.14938,-0.06065,1.10918,-0.10024,-0.15985,1.23841,0.06540
555,107.70,0.01983,1.39276,-0.14938,-0.06049,1.10905,-0.10055,-0.15625,1.24678,0.06022
556,110.29,0.01983,1.39276,-0.14938,-0.06033,1.10891,-0.10086,-0.15273,1.25445,0.05495
557,112.73,0.01983,1.39276,-0.14938,-0.06018,1.10878,-0.10116,-0.14931,1.26144,0.04968
558,115.02,0.01983,1.39276,-0.14938,-0.06004,1.10867,-0.10144,-0.14603,1.26777,0.04449
559,117.13,0.01983,1.39276,-0.14938,-0.05991,1.10857,-0.10168,-0.14295,1.27344,0.03948
560,119.06,0.01983,1.39276,-0.14938,-0.05981,1.10848,-0.10188,-0.14009,1.27847,0.03475
561,120.79,0.01983,1.39276,-0.14938,-0.05973,1.10842,-0.10203,-0.13749,1.28286,0.03037
562,122.30,0.01983,1.39276,-0.14938,-0.05968,1.10837,-0.10214,-0.13518,1.28661,0.02643
563,123.59,0.01983,1.39276,-0.14938,-0.05965,1.10835,-0.10220,-0.13321,1.28975,0.02302
564,124.65,0.01983,1.39276,-0.14938,-0.05964,1.10834,-0.10221,-0.13159,1.29229,0.02019
565,125.46,0.01983,1.39276,-0.14938,-0.05966,1.10836,-0.10218,-0.13033,1.29425,0.01799
566,126.03,0.01983,1.39276,-0.14938,-0.05969,1.10838,-0.10211,-0.12945,1.29565,0.01645
567,126.35,0.01983,1.39276,-0.14938,-0.05974,1.10842,-0.10202,-0.12895,1.29650,0.01557
568,126.44,0.01983,1.39276,-0.14938,-0.05980,1.10847,-0.10190,-0.12881,1.29683,0.01534
569,126.31,0.01983,1.39276,-0.14938,-0.05987,1.10853,-0.10177,-0.12903,1.29667,0.01575
570,125.97,0.01983,1.39276,-0.14938,-0.05994,1.10859,-0.10163,-0.12957,1.29602,0.01673
571,125.43,0.01983,1.39276,-0.14938,-0.06001,1.10865,-0.10149,-0.13041,1.29492,0.01825
572,124.72,0.01983,1.39276,-0.14938,-0.06008,1.10870,-0.10136,-0.13153,1.29338,0.02022
573,123.86,0.01983,1.39276,-0.14938,-0.06014,1.10875,-0.10125,-0.13287,1.29142,0.02260
574,122.85,0.01983,1.39276,-0.14938,-0.06019,1.10879,-0.10115,-0.13442,1.28907,0.02529
575,121.73,0.01983,1.39276,-0.14938,-0.06022,1.10882,-0.10107,-0.13614,1.28634,0.02826
576,120.50,0.01983,1.39276,-0.14938,-0.06025,1.10885,-0.10102,-0.13800,1.28326,0.03142
577,119.19,0.01983,1.39276,-0.14938,-0.06027,1.10886,-0.10098,-0.13998,1.27984,0.03474
578,117.79,0.01983,1.39276,-0.14938,-0.06028,1.10887,-0.10096,-0.14206,1.27609,0.03817
579,116.31,0.01983,1.39276,-0.14938,-0.06028,1.10887,-0.10096,-0.14421,1.27202,0.04168
580,114.77,0.01983,1.39276,-0.14938,-0.06028,1.10887,-0.10097,-0.14645,1.26762,0.04525
581,113.14,0.01983,1.39276,-0.14938,-0.06027,1.10886,-0.10098,-0.14875,1.26288,0.04886
582,111.44,0.01983,1.39276,-0.14938,-0.06026,1.10885,-0.10101,-0.15112,1.25778,0.05250
583,109.65,0.01983,1.39276,-0.14938,-0.06024,1.10884,-0.10104,-0.15357,1.25226,0.05618
584,107.75,0.01983,1.39276,-0.14938,-0.06023,1.10882,-0.10107,-0.15610,1.24627,0.05987
585,105.74,0.01983,1.39276,-0.14938,-0.06020,1.10880,-0.10111,-0.15872,1.23975,0.06358
586,103.60,0.01983,1.39276,-0.14938,-0.06018,1.10878,-0.10117,-0.16143,1.23263,0.06729
587,101.30,0.01983,1.39276,-0.14938,-0.06014,1.10875,-0.10124,-0.16422,1.22480,0.07096
588,98.83,0.01983,1.39276,-0.14938,-0.06010,1.10872,-0.10132,-0.16711,1.21617,0.07456
589,96.17,0.01983,1.39276,-0.14938,-0.06004,1.10867,-0.10143,-0.17007,1.20665,0.07803
590,93.31,0.01983,1.39276,-0.14938,-0.05997,1.10861,-0.10156,-0.17308,1.19615,0.08127
591,90.23,0.01983,1.39276,-0.14938,-0.05989,1.10854,-0.10173,-0.17610,1.18458,0.08418
592,86.91,0.01983,1.39276,-0.14938,-0.05978,1.10846,-0.10193,-0.17909,1.17190,0.08663
593,83.36,0.01983,1.39276,-0.14938,-0.05966,1.10836,-0.10217,-0.18197,1.15807,0.08845
594,79.58,0.01983,1.39276,-0.14938,-0.05952,1.10824,-0.10244,-0.18466,1.14311,0.08948
595,75.57,0.01983,1.39276,-0.14938,-0.05936,1.10811,-0.10276,-0.18708,1.12711,0.08952
596,71.36,0.01983,1.39276,-0.14938,-0.05918,1.10797,-0.10311,-0.18912,1.11019,0.08841
597,66.96,0.01983,1.39276,-0.14938,-0.05898,1.10781,-0.10350,-0.19069,1.09255,0.08600
598,62.42,0.01983,1.39276,-0.14938,-0.05876,1.10764,-0.10391,-0.19171,1.07446,0.08217
599,57.77,0.01983,1.39276,-0.14938,-0.05854,1.10746,-0.10435,-0.19210,1.05622,0.07688
600,53.07,0.01983,1.39276,-0.14938,-0.05831,1.10728,-0.10479,-0.19182,1.03818,0.07014
601,48.37,0.01983,1.39276,-0.14938,-0.05809,1.10711,-0.10522,-0.19089,1.02070,0.06208
602,43.74,0.01983,1.39276,-0.14938,-0.05788,1.10694,-0.10563,-0.18933,1.00412,0.05290
603,39.21,0.01983,1.39276,-0.14938,-0.05769,1.10679,-0.10600,-0.18722,0.98874,0.04286
604,34.87,0.01983,1.39276,-0.14938,-0.05753,1.10668,-0.10630,-0.18468,0.97480,0.03229
605,30.76,0.01983,1.39276,-0.14938,-0.05742,1.10659,-0.10651,-0.18186,0.96246,0.02158
606,26.93,0.01983,1.39276,-0.14938,-0.05737,1.10655,-0.10661,-0.17890,0.95180,0.01108
607,23.42,0.01983,1.39276,-0.14938,-0.05739,1.10657,-0.10657,-0.17598,0.94281,0.00114
608,20.27,0.01983,1.39276,-0.14938,-0.05749,1.10664,-0.10638,-0.17322,0.93543,-0.00792
609,17.48,0.01983,1.39276,-0.14938,-0.05768,1.10679,-0.10602,-0.17078,0.92955,-0.01585
610,15.07,0.01983,1.39276,-0.14938,-0.05796,1.10700,-0.10548,-0.16874,0.92503,-0.02249
611,13.05,0.01983,1.39276,-0.14938,-0.05833,1.10729,-0.10475,-0.16717,0.92171,-0.02771
612,11.39,0.01983,1.39276,-0.14938,-0.05880,1.10766,-0.10385,-0.16612,0.91943,-0.03150
613,10.08,0.01983,1.39276,-0.14938,-0.05935,1.10811,-0.10277,-0.16560,0.91806,-0.03387
614,9.10,0.01983,1.39276,-0.14938,-0.05999,1.10863,-0.10154,-0.16557,0.91747,-0.03490
615,8.41,0.01983,1.39276,-0.14938,-0.06069,1.10921,-0.10016,-0.16601,0.91754,-0.03472
616,7.97,0.01983,1.39276,-0.14938,-0.06145,1.10986,-0.09868,-0.16686,0.91818,-0.03348
617,7.76,0.01983,1.39276,-0.14938,-0.06225,1.11055,-0.09712,-0.16804,0.91929,-0.03136
618,7.73,0.01983,1.39276,-0.14938,-0.06307,1.11128,-0.09551,-0.16948,0.92079,-0.02853
619,7.86,0.01983,1.39276,-0.14938,-0.06391,1.11204,-0.09388,-0.17111,0.92260,-0.02517
620,8.10,0.01983,1.39276,-0.14938,-0.06473,1.11280,-0.09226,-0.17286,0.92465,-0.02146
621,8.42,0.01983,1.39276,-0.14938,-0.06553,1.11356,-0.09069,-0.17466,0.92687,-0.01755
622,8.82,0.01983,1.39276,-0.14938,-0.06629,1.11431,-0.08919,-0.17646,0.92919,-0.01357
623,9.25,0.01983,1.39276,-0.14938,-0.06701,1.11502,-0.08777,-0.17821,0.93154,-0.00962
624,9.71,0.01983,1.39276,-0.14938,-0.06768,1.11568,-0.08646,-0.17987,0.93388,-0.00581
625,10.17,0.01983,1.39276,-0.14938,-0.06828,1.11630,-0.08527,-0.18144,0.93616,-0.00220
626,10.64,0.01983,1.39276,-0.14938,-0.06882,1.11686,-0.08420,-0.18287,0.93835,0.00118
627,11.10,0.01983,1.39276,-0.14938,-0.06929,1.11736,-0.08327,-0.18418,0.94040,0.00429
628,11.54,0.01983,1.39276,-0.14938,-0.06970,1.11779,-0.08246,-0.18534,0.94231,0.00711
629,11.97,0.01983,1.39276,-0.14938,-0.07004,1.11816,-0.08179,-0.18636,0.94406,0.00963
630,12.38,0.01983,1.39276,-0.14938,-0.07031,1.11846,-0.08124,-0.18724,0.94563,0.01185
631,12.77,0.01983,1.39276,-0.14938,-0.07053,1.11869,-0.08082,-0.18799,0.94701,0.01377
632,13.12,0.01983,1.39276,-0.14938,-0.07068,1.11885,-0.08052,-0.18860,0.94820,0.01539
633,13.45,0.01983,1.39276,-0.14938,-0.07077,1.11896,-0.08033,-0.18907,0.94919,0.01671
634,13.75,0.01983,1.39276,-0.14938,-0.07080,1.11899,-0.08027,-0.18941,0.94996,0.01772
635,14.01,0.01983,1.39276,-0.14938,-0.07078,1.11897,-0.08031,-0.18962,0.95051,0.01841
636,14.22,0.01983,1.39276,-0.14938,-0.07070,1.11888,-0.08047,-0.18969,0.95082,0.01879
637,14.39,0.01983,1.39276,-0.14938,-0.07057,1.11874,-0.08073,-0.18962,0.95089,0.01883
638,14.50,0.01983,1.39276,-0.14938,-0.07038,1.11853,-0.08110,-0.18941,0.95070,0.01853
639,14.56,0.01983,1.39276,-0.14938,-0.07015,1.11828,-0.08157,-0.18907,0.95026,0.01788
640,14.56,0.01983,1.39276,-0.14938,-0.06987,1.11797,-0.08213,-0.18858,0.94956,0.01689
641,14.49,0.01983,1.39276,-0.14938,-0.06954,1.11762,-0.08277,-0.18796,0.94861,0.01556
642,14.36,0.01983,1.39276,-0.14938,-0.06917,1.11723,-0.08350,-0.18722,0.94743,0.01390
643,14.17,0.01983,1.39276,-0.14938,-0.06877,1.11681,-0.08429,-0.18635,0.94603,0.01194
644,13.92,0.01983,1.39276,-0.14938,-0.06834,1.11637,-0.08514,-0.18538,0.94445,0.00969
645,13.62,0.01983,1.39276,-0.14938,-0.06789,1.11590,-0.08603,-0.18431,0.94273,0.00721
646,13.28,0.01983,1.39276,-0.14938,-0.06743,1.11543,-0.08695,-0.18317,0.94090,0.00455
647,12.90,0.01983,1.39276,-0.14938,-0.06696,1.11496,-0.08787,-0.18199,0.93901,0.00175
648,12.50,0.01983,1.39276,-0.14938,-0.06650,1.11450,-0.08879,-0.18077,0.93711,-0.00112
649,12.08,0.01983,1.39276,-0.14938,-0.06604,1.11406,-0.08968,-0.17956,0.93524,-0.00400
650,11.67,0.01983,1.39276,-0.14938,-0.06561,1.11364,-0.09053,-0.17837,0.93344,-0.00682
651,11.26,0.01983,1.39276,-0.14938,-0.06521,1.11326,-0.09132,-0.17723,0.93175,-0.00953
652,10.87,0.01983,1.39276,-0.14938,-0.06485,1.11291,-0.09203,-0.17617,0.93020,-0.01206
653,10.50,0.01983,1.39276,-0.14938,-0.06452,1.11261,-0.09267,-0.17520,0.92881,-0.01436
654,10.17,0.01983,1.39276,-0.14938,-0.06425,1.11235,-0.09321,-0.17435,0.92760,-0.01639
655,9.88,0.01983,1.39276,-0.14938,-0.06402,1.11215,-0.09365,-0.17363,0.92659,-0.01813
656,9.64,0.01983,1.39276,-0.14938,-0.06385,1.11199,-0.09399,-0.17305,0.92577,-0.01954
657,9.43,0.01983,1.39276,-0.14938,-0.06373,1.11187,-0.09423,-0.17260,0.92515,-0.02063
658,9.28,0.01983,1.39276,-0.14938,-0.06365,1.11181,-0.09438,-0.17229,0.92471,-0.02140
659,9.17,0.01983,1.39276,-0.14938,-0.06362,1.11178,-0.09443,-0.17212,0.92444,-0.02186
660,9.10,0.01983,1.39276,-0.14938,-0.06364,1.11179,-0.09441,-0.17206,0.92434,-0.02205
661,9.06,0.01983,1.39276,-0.14938,-0.06368,1.11183,-0.09432,-0.17210,0.92436,-0.02201
662,9.06,0.01983,1.39276,-0.14938,-0.06375,1.11189,-0.09419,-0.17222,0.92450,-0.02177
663,9.09,0.01983,1.39276,-0.14938,-0.06383,1.11197,-0.09403,-0.17240,0.92471,-0.02138
664,9.14,0.01983,1.39276,-0.14938,-0.06392,1.11205,-0.09385,-0.17261,0.92498,-0.02091
665,9.19,0.01983,1.39276,-0.14938,-0.06401,1.11214,-0.09367,-0.17284,0.92526,-0.02041
666,9.26,0.01983,1.39276,-0.14938,-0.06410,1.11221,-0.09351,-0.17305,0.92555,-0.01991
667,9.32,0.01983,1.39276,-0.14938,-0.06416,1.11228,-0.09338,-0.17324,0.92580,-0.01947
668,9.38,0.01983,1.39276,-0.14938,-0.06421,1.11232,-0.09329,-0.17339,0.92600,-0.01912
669,9.42,0.01983,1.39276,-0.14938,-0.06423,1.11234,-0.09324,-0.17348,0.92613,-0.01889
670,9.46,0.01983,1.39276,-0.14938,-0.06422,1.11233,-0.09326,-0.17351,0.92619,-0.01880
671,9.48,0.01983,1.39276,-0.14938,-0.06419,1.11230,-0.09332,-0.17347,0.92615,-0.01885
672,9.48,0.01983,1.39276,-0.14938,-0.06413,1.11224,-0.09344,-0.17337,0.92604,-0.01906
673,9.47,0.01983,1.39276,-0.14938,-0.06404,1.11216,-0.09362,-0.17320,0.92584,-0.01940
674,9.45,0.01983,1.39276,-0.14938,-0.06393,1.11206,-0.09384,-0.17297,0.92557,-0.01988
675,9.41,0.01983,1.39276,-0.14938,-0.06380,1.11194,-0.09409,-0.17270,0.92524,-0.02046
676,9.36,0.01983,1.39276,-0.14938,-0.06365,1.11181,-0.09437,-0.17239,0.92487,-0.02112
677,9.31,0.01983,1.39276,-0.14938,-0.06350,1.11167,-0.09468,-0.17206,0.92446,-0.02184
678,9.25,0.01983,1.39276,-0.14938,-0.06334,1.11152,-0.09499,-0.17171,0.92404,-0.02259
679,9.19,0.01983,1.39276,-0.14938,-0.06318,1.11138,-0.09530,-0.17136,0.92362,-0.02335
680,9.13,0.01983,1.39276,-0.14938,-0.06303,1.11124,-0.09560,-0.17102,0.92321,-0.02409
681,9.07,0.01983,1.39276,-0.14938,-0.06288,1.11111,-0.09589,-0.17069,0.92282,-0.02480
682,9.02,0.01983,1.39276,-0.14938,-0.06275,1.11099,-0.09615,-0.17039,0.92246,-0.02545
683,8.97,0.01983,1.39276,-0.14938,-0.06263,1.11088,-0.09639,-0.17012,0.92214,-0.02604
684,8.93,0.01983,1.39276,-0.14938,-0.06252,1.11079,-0.09660,-0.16988,0.92186,-0.02656
685,8.89,0.01983,1.39276,-0.14938,-0.06243,1.11071,-0.09678,-0.16967,0.92162,-0.02700
686,8.86,0.01983,1.39276,-0.14938,-0.06235,1.11064,-0.09693,-0.16950,0.92142,-0.02737
687,8.84,0.01983,1.39276,-0.14938,-0.06229,1.11058,-0.09705,-0.16936,0.92126,-0.02767
688,8.82,0.01983,1.39276,-0.14938,-0.06224,1.11054,-0.09714,-0.16926,0.92113,-0.02790
689,8.80,0.01983,1.39276,-0.14938,-0.06220,1.11051,-0.09722,-0.16917,0.92104,-0.02808
690,8.79,0.01983,1.39276,-0.14938,-0.06218,1.11049,-0.09727,-0.16911,0.92097,-0.02820
691,8.79,0.01983,1.39276,-0.14938,-0.06216,1.11047,-0.09730,-0.16907,0.92092,-0.02829
692,8.78,0.01983,1.39276,-0.14938,-0.06214,1.11046,-0.09733,-0.16905,0.92089,-0.02835
